"Track URI","Track Name","Artist URI(s)","Artist Name(s)","Album URI","Album Name","Album Artist URI(s)","Album Artist Name(s)","Album Release Date","Album Image URL","Disc Number","Track Number","Track Duration (ms)","Track Preview URL","Explicit","Popularity","Added By","Added At","Artist Genres","Danceability","Energy","Key","Loudness","Mode","Speechiness","Acousticness","Instrumentalness","Liveness","Valence","Tempo","Time Signature","Album Genres","Label","Copyrights"
"spotify:track:7cbsuVHDGO1QWG15TUOOtp","XYZ","spotify:artist:2CIMQHirSU0MQqyYHq0eOx","deadmau5","spotify:album:3w9iuZp9kg9WxPLOw6myZu","XYZ","spotify:artist:2CIMQHirSU0MQqyYHq0eOx","deadmau5","2022-06-17","https://i.scdn.co/image/ab67616d0000b273a837d7585e91bbbbc05d17ba","1","1","575625","https://p.scdn.co/mp3-preview/0700190dc3d4e44b0e6e69e615b15685721a5d8c?cid=9950ac751e34487dbbe027c4fd7f8e99","false","59","spotify:user:","2022-07-15T04:01:00Z","canadian electronic,edm,electro house,pop dance,progressive house","0.45","0.92","10","-6.033","1","0.066","0.00543","0.737","0.0883","0.0336","127.996","4","","mau5trap","C 2022 mau5trap, a division of 720mau5, LLC, P 2022 mau5trap, a division of 720mau5, LLC"
"spotify:track:6wFbB3D4ZDjTqHzuRcICFA","Togetherness","spotify:artist:3oKnyRhYWzNsTiss5n4Z1J, spotify:artist:7igDaRrtZrUessH723Tuvc, spotify:artist:6hdb3ZH5gpJxqFPdXRGmdC","LP Giobbi, Femme House, hermixalot","spotify:album:4vPR8RUetBphiU2UDaMwV1","LP Giobbi x Insomniac Records Presents Femme House","spotify:artist:3oKnyRhYWzNsTiss5n4Z1J, spotify:artist:7igDaRrtZrUessH723Tuvc","LP Giobbi, Femme House","2022-03-04","https://i.scdn.co/image/ab67616d0000b2732acd0c70fba7004791c04bd4","1","1","220952","https://p.scdn.co/mp3-preview/7735f2f67bacd21e90ac7bdf6e803be902f41425?cid=9950ac751e34487dbbe027c4fd7f8e99","false","38","spotify:user:","2022-07-15T04:01:00Z","edm,electro house,house,pop dance,tropical house","0.712","0.868","10","-5.618","1","0.08","0.00355","0.0117","0.035","0.779","126.018","4","","Insomniac Records","C 2022 Insomniac Records, P 2022 Insomniac Records"
"spotify:track:47RHGBGyfNHQkyT9m5lXpi","Readymade Sweat","spotify:artist:00sAT5YX8W3xNd1EuqyHw9","Dada Life","spotify:album:2CDFsCNzHaS5NSj0tSBVCy","Blood, Sweat & Smiles","spotify:artist:00sAT5YX8W3xNd1EuqyHw9","Dada Life","2022-03-11","https://i.scdn.co/image/ab67616d0000b273ee08b190281a4f655a8f26b8","1","2","173027","","false","27","spotify:user:","2022-07-15T04:01:00Z","big room,dance pop,edm,electro house,pop dance,progressive electro house,progressive house","0.683","0.927","5","-5.866","1","0.0664","0.00874","0.807","0.269","0.0694","128.047","4","","Crash & Smile","C 2022 Crash & Smile, P 2022 Crash & Smile"
"spotify:track:4zCXNYDjrxixWzFCOXo2c5","Check Out - LP Giobbi Remix","spotify:artist:4q0N3EI67tVnAeeaXbNQIj, spotify:artist:37fzXndf2fxVrk7qarhyo0, spotify:artist:3oKnyRhYWzNsTiss5n4Z1J","J. Worra, Leo Stannard, LP Giobbi","spotify:album:2Odg2a0can24bnpTSDrcXD","Check Out (LP Giobbi Remix)","spotify:artist:4q0N3EI67tVnAeeaXbNQIj, spotify:artist:3oKnyRhYWzNsTiss5n4Z1J","J. Worra, LP Giobbi","2022-05-13","https://i.scdn.co/image/ab67616d0000b273b1368927397637b34aae2ee5","1","1","166560","https://p.scdn.co/mp3-preview/71870df6a89142fe03b4dd580e8d8aa386b36a0d?cid=9950ac751e34487dbbe027c4fd7f8e99","false","46","spotify:user:","2022-07-15T04:01:00Z","bass house,deep groove house,disco house,edm,electro house,house,edm,electro house,house,pop dance,tropical house","0.683","0.793","7","-5.218","0","0.0653","0.00796","0.907","0.304","0.962","124.995","4","","Higher Ground","C 2022 Higher Ground, P 2022 Higher Ground"
"spotify:track:7s3dSiAHBSsQ8qQrxIcScA","Selection","spotify:artist:1DoFYfnZ1zTlWU9ZGJLNuX","NO SIGNE","spotify:album:2Hxp00AHULipdMsi4RXN85","Selection","spotify:artist:1DoFYfnZ1zTlWU9ZGJLNuX","NO SIGNE","2022-04-28","https://i.scdn.co/image/ab67616d0000b2736c8bd575c0e5350f3d74227f","1","1","164516","https://p.scdn.co/mp3-preview/ffc7d3b930ae029ebf38f7bea04d28505e2d8162?cid=9950ac751e34487dbbe027c4fd7f8e99","false","38","spotify:user:","2022-07-15T04:01:00Z","","0.864","0.768","11","-8.136","0","0.0913","0.0191","0.496","0.261","0.0978","124.005","4","","HEXAGON","C 2022 HEXAGON, P 2022 HEXAGON"
"spotify:track:4Ko0kuCmsJW0HMKkQM7Xw8","LOW","spotify:artist:5nki7yRhxgM509M5ADlN1p, spotify:artist:1KpCi9BOfviCVhmpI4G2sY, spotify:artist:3ky8xBRraNNzxzXEw6Ga0c","Oliver Heldens, Tchami, Anabel Englund","spotify:album:026fudJsLFwB4U0WBYRdXm","LOW","spotify:artist:5nki7yRhxgM509M5ADlN1p, spotify:artist:1KpCi9BOfviCVhmpI4G2sY, spotify:artist:3ky8xBRraNNzxzXEw6Ga0c","Oliver Heldens, Tchami, Anabel Englund","2022-06-10","https://i.scdn.co/image/ab67616d0000b273872971c2f10d88415a902a26","1","1","203288","https://p.scdn.co/mp3-preview/083a7cec39d54a11b5b213bbbb24758bc6d7965c?cid=9950ac751e34487dbbe027c4fd7f8e99","false","65","spotify:user:","2022-07-15T04:01:00Z","dance pop,edm,electro house,future house,house,pop dance,progressive electro house,progressive house,tropical house,bass house,deep groove house,edm,electro house,future house,house,pop dance,progressive house,edm,house,pop dance","0.678","0.807","9","-5.965","1","0.0383","0.00155","0.00284","0.292","0.271","126.024","4","","HELDEEP Records","C © 2022 Heldeep Records, P ℗ 2022 Heldeep Records"
"spotify:track:00WQxluVREF12JZkKWvio4","Your Tongue","spotify:artist:1sl3gVNz3Nxd4poA8f76sl","HoneyLuv","spotify:album:6UKVwQpP25N2sMC37kN8Hz","Your Tongue","spotify:artist:1sl3gVNz3Nxd4poA8f76sl","HoneyLuv","2022-02-11","https://i.scdn.co/image/ab67616d0000b27325b369f583e16bff67a5ffa9","1","1","157428","https://p.scdn.co/mp3-preview/00a591130262e9a8eb9922addfb0f5d17e7af085?cid=9950ac751e34487dbbe027c4fd7f8e99","false","51","spotify:user:","2022-07-15T04:01:00Z","","0.693","0.968","8","-5.782","1","0.0913","0.00228","0.369","0.207","0.554","127.057","4","","Insomniac Records","C 2022 Insomniac Records, P 2022 Insomniac Records"
"spotify:track:0V0FJBR8xhhMuirhRY15we","PACMAN","spotify:artist:6BrvowZBreEkXzJQMpL174","Hardwell","spotify:album:78smiyLXB1YjwnTSZ2U6jB","PACMAN","spotify:artist:6BrvowZBreEkXzJQMpL174","Hardwell","2022-06-10","https://i.scdn.co/image/ab67616d0000b2737d6a022ceeabbc96fbf98671","1","1","232500","https://p.scdn.co/mp3-preview/c0c2f2c423bfa525b0f437d120e286d76e5fd51d?cid=9950ac751e34487dbbe027c4fd7f8e99","false","60","spotify:user:","2022-07-15T04:01:00Z","big room,dance pop,dutch house,edm,electro house,pop dance,progressive electro house,progressive house,tropical house","0.588","0.872","7","-7.133","1","0.0892","0.000591","0.649","0.12","0.119","127.996","4","","Revealed Recordings","C 2022 Revealed Music B.V., P 2022 Revealed Music B.V."
"spotify:track:08Ecw0ItPxGeHS9Mexr8cs","Redlight","spotify:artist:1h6Cn3P4NGzXbaXidqURXs, spotify:artist:0Ty63ceoRnnJKVEYP0VQpk","Swedish House Mafia, Sting","spotify:album:79YZVPlv0WgFrhi0jxAjd0","Redlight","spotify:artist:1h6Cn3P4NGzXbaXidqURXs, spotify:artist:0Ty63ceoRnnJKVEYP0VQpk","Swedish House Mafia, Sting","2022-02-25","https://i.scdn.co/image/ab67616d0000b273a74c3257ec41f99b114cfbf2","1","1","242904","","false","43","spotify:user:","2022-07-15T04:01:00Z","edm,pop,pop dance,progressive electro house,permanent wave,soft rock,sophisti-pop","0.716","0.655","2","-5.999","1","0.0444","0.00857","0.162","0.0572","0.207","125.012","4","","Republic Records","C © 2022 SSA Recording, LLP, under exclusive license to Republic Records, a division of UMG Recordings, Inc., P ℗ 2022 SSA Recording, LLP, under exclusive license to Republic Records, a division of UMG Recordings, Inc."
"spotify:track:3FcKnF4nEwGxlwdAmRIogh","Chromatic","spotify:artist:4UwR1ir6PovnQiwX5jRPvF","Anti Up","spotify:album:4i8IDahLQKUEmBMscCBlDA","Chromatic","spotify:artist:4UwR1ir6PovnQiwX5jRPvF","Anti Up","2022-05-27","https://i.scdn.co/image/ab67616d0000b273f24fe04d3887b0c9e9a3d7d7","1","1","202524","https://p.scdn.co/mp3-preview/ed5e5b111433e3a4a56e3d452be07ad7d747374a?cid=9950ac751e34487dbbe027c4fd7f8e99","false","62","spotify:user:","2022-07-15T04:01:00Z","bass house,edm,electro house","0.607","0.914","0","-5.02","0","0.0547","0.000038","0.162","0.165","0.781","128.032","4","","Big Beat Records/Atlantic","C © 2022 Big Beat Records, Inc., P ℗ 2022 Big Beat Records, Inc."
"spotify:track:03G6Y1MLCUVTbCLqzFeIm1","Crossroads","spotify:artist:2MdFJmUQf3ckA99IhFF9my, spotify:artist:4cqrH3J95V5eocwwAquMdy","Ely Oaks, Eric Spike","spotify:album:4XpsZnLY0o9HxdLiLNOfDb","Crossroads","spotify:artist:2MdFJmUQf3ckA99IhFF9my, spotify:artist:4cqrH3J95V5eocwwAquMdy","Ely Oaks, Eric Spike","2022-04-21","https://i.scdn.co/image/ab67616d0000b2730bf3ac131e90d865534429a6","1","1","173303","https://p.scdn.co/mp3-preview/415ed4ab6dbe17e433eb5dadff28c62841e2b9be?cid=9950ac751e34487dbbe027c4fd7f8e99","false","34","spotify:user:","2022-07-15T04:01:00Z","","0.76","0.835","1","-5.188","0","0.0952","0.237","0.0633","0.121","0.457","124","4","","Generation HEX","C 2022 Generation HEX / HEXAGON, P 2022 Generation HEX / HEXAGON"
"spotify:track:4IoWprg6W4DxHjxm1Pi4KT","About You","spotify:artist:39B7ChWwrWDs7zXlsu3MoP, spotify:artist:052B9SONfhoScw7dgYWw5o","Sonny Fodera, Biscits","spotify:album:46f0tRgvuc70TDx8P4dMId","About You","spotify:artist:39B7ChWwrWDs7zXlsu3MoP, spotify:artist:052B9SONfhoScw7dgYWw5o","Sonny Fodera, Biscits","2022-03-04","https://i.scdn.co/image/ab67616d0000b2734746a5ec04ef88c1c1d3fbdd","1","1","218500","https://p.scdn.co/mp3-preview/4b951a498ad5b0a1c4c73941cb5f0ce36a0140dc?cid=9950ac751e34487dbbe027c4fd7f8e99","false","60","spotify:user:","2022-07-15T04:01:00Z","dance pop,deep groove house,house,pop dance,tropical house,uk dance,bass house,deep groove house,house,pop dance,uk tech house","0.566","0.868","3","-6.532","0","0.0487","0.00666","0.918","0.0669","0.611","125.984","4","","Solotoko","C © 2022 Solotoko, P ℗ 2022 Solotoko"
"spotify:track:2L2rzhnx1Xr6LiGuaYMepY","Reason For Fighting (feat. ERV ELLO)","spotify:artist:6fcTRFpz0yH79qSKfof7lp, spotify:artist:6WLP1sraOcF3Gaxp7xBa4p, spotify:artist:6uCQQAHmh8iINfwg98z6zn","Seven Lions, Blastoyz, ERV ELLO","spotify:album:1Cauh0pJOIIMFZU7eCOALc","Reason For Fighting (feat. ERV ELLO)","spotify:artist:6fcTRFpz0yH79qSKfof7lp, spotify:artist:6WLP1sraOcF3Gaxp7xBa4p, spotify:artist:6uCQQAHmh8iINfwg98z6zn","Seven Lions, Blastoyz, ERV ELLO","2022-04-15","https://i.scdn.co/image/ab67616d0000b273141b186af5f404b06679b674","1","1","238285","https://p.scdn.co/mp3-preview/3e9157a38e9d3c218055fe402817294bef47cb3c?cid=9950ac751e34487dbbe027c4fd7f8e99","false","51","spotify:user:","2022-07-15T04:01:00Z","dubstep,edm,electro house,future bass,melodic dubstep,pop dance,pop edm,progressive trance,psychedelic trance","0.467","0.931","4","-3.318","0","0.14","0.00705","0.000365","0.348","0.253","140.008","4","","Ophelia","C 2022 Ophelia, P 2022 Ophelia"
"spotify:track:5aXTfpNOqLj35ydEiLio67","Follow","spotify:artist:60d24wfXkVzDSfLS6hyCjZ, spotify:artist:2qxJFvFYMEDqd7ui6kSAcq","Martin Garrix, Zedd","spotify:album:0mHq8oTwln3MA72n3uHscJ","Follow","spotify:artist:60d24wfXkVzDSfLS6hyCjZ, spotify:artist:2qxJFvFYMEDqd7ui6kSAcq","Martin Garrix, Zedd","2022-03-25","https://i.scdn.co/image/ab67616d0000b27317358352e5cdfa08af5f2a08","1","1","221220","https://p.scdn.co/mp3-preview/7fc88ed0627d302a1f1523b1282573a008121bed?cid=9950ac751e34487dbbe027c4fd7f8e99","false","70","spotify:user:","2022-07-15T04:01:00Z","dance pop,dutch edm,edm,electro house,pop,pop dance,progressive house,tropical house,complextro,dance pop,edm,electro house,electropop,german techno,pop,pop dance,pop rap,tropical house,uk pop","0.588","0.78","11","-6.102","0","0.0432","0.0333","0.193","0.0728","0.201","127.085","4","","STMPD RCRDS","C 2022 STMPD RCRDS B.V., P 2022 STMPD RCRDS B.V."
"spotify:track:45857Pj90KZO6U0hzjfLfT","F*CKING SOCIETY","spotify:artist:6BrvowZBreEkXzJQMpL174","Hardwell","spotify:album:2q0daVPSG8ly1LK8MSrFfv","F*CKING SOCIETY","spotify:artist:6BrvowZBreEkXzJQMpL174","Hardwell","2022-04-15","https://i.scdn.co/image/ab67616d0000b273ce383719293e1077ccc7e050","1","1","279374","","true","41","spotify:user:","2022-07-15T04:01:00Z","big room,dance pop,dutch house,edm,electro house,pop dance,progressive electro house,progressive house,tropical house","0.625","0.892","9","-5.507","1","0.0762","0.000317","0.842","0.915","0.0382","127.997","4","","Revealed Recordings","C 2022 Revealed Music B.V., P 2022 Revealed Music B.V."
"spotify:track:6zRBMIDHnuuvWyaumNNcQF","Can't You See - Radio Edit","spotify:artist:5yPVuutf3WAXUt1VqDaN1t","Chapter & Verse","spotify:album:0Qd8m380OmHYpwVf36tdOy","Can't You See","spotify:artist:5yPVuutf3WAXUt1VqDaN1t","Chapter & Verse","2022-04-09","https://i.scdn.co/image/ab67616d0000b2738e9679f3ab0a852eb1e4bb45","1","2","202204","https://p.scdn.co/mp3-preview/f650586b86d57794aad4b1d681cf3b2259ebbadf?cid=9950ac751e34487dbbe027c4fd7f8e99","false","45","spotify:user:","2022-07-15T04:01:00Z","bass house,deep groove house,house,uk tech house","0.607","0.985","10","-3.002","0","0.0422","0.0924","0.76","0.123","0.846","127.019","4","","Atom Bomb Music","C 2022 Atom Bomb Music, P 2022 Atom Bomb Music"
"spotify:track:1E3u84XwqE5mHxjdTSIodR","Like Before","spotify:artist:5ttgIeUVka6FLyi00Uu5h8, spotify:artist:1YYJxpOXYk1z1WtqdeLMkn","Jauz, Habstrakt","spotify:album:2yVM47Pm3THWtF7L81Vz88","Like Before","spotify:artist:5ttgIeUVka6FLyi00Uu5h8, spotify:artist:1YYJxpOXYk1z1WtqdeLMkn","Jauz, Habstrakt","2022-06-24","https://i.scdn.co/image/ab67616d0000b2736f02b460d9886e117eb64143","1","1","209523","https://p.scdn.co/mp3-preview/e6c0273e58c7133d42cd4f8f4e0668e24767104f?cid=9950ac751e34487dbbe027c4fd7f8e99","false","56","spotify:user:","2022-07-15T04:01:00Z","bass house,brostep,edm,electro house,electronic trap,pop dance,bass house,dubstep,edm,electro house,electronic trap,filthstep","0.67","0.94","4","-5.455","0","0.276","0.0298","0.42","0.5","0.0654","125.838","4","","Musical Freedom","C © 2022 Musical Freedom Label Ltd., P ℗ 2022 Musical Freedom Label Ltd."
"spotify:track:7M1125M74qeHedad25bx4U","B.O.T.A. (Baddest Of Them All) - Edit","spotify:artist:4XC335ouK6pXyq4QiIb8bP, spotify:artist:6uJ51uV5rYzu1MJkC4CceI","Eliza Rose, Interplanetary Criminal","spotify:album:3XMyH5bRALw62b6z6ufASR","B.O.T.A. (Baddest Of Them All) / Move To The","spotify:artist:4XC335ouK6pXyq4QiIb8bP, spotify:artist:6uJ51uV5rYzu1MJkC4CceI","Eliza Rose, Interplanetary Criminal","2022-06-15","https://i.scdn.co/image/ab67616d0000b27361b8dd3bc1eca9c68f8b91fc","1","3","226626","https://p.scdn.co/mp3-preview/0e1a2223d1862dfe11fd1bd28d00372d4ccaa8ca?cid=9950ac751e34487dbbe027c4fd7f8e99","false","57","spotify:user:","2022-07-15T04:01:00Z","breaks,experimental house","0.738","0.892","0","-7.784","1","0.0527","0.24","0.614","0.148","0.709","136.998","4","","Rosebud Recordings","C 2022 Rosebud Recordings, P 2022 Rosebud Recordings"
"spotify:track:12KMoAMzaeBFh91O5sxP2o","The Lone Ranger","spotify:artist:558dSyN1mMqsKrEBcKJ2p0, spotify:artist:2rTo8KIkBTFjQS7VvaKYQ4","NWYR, W&W","spotify:album:3tkyV2SZsHRE8GZ9SkCIVP","The Lone Ranger","spotify:artist:558dSyN1mMqsKrEBcKJ2p0, spotify:artist:2rTo8KIkBTFjQS7VvaKYQ4","NWYR, W&W","2022-01-28","https://i.scdn.co/image/ab67616d0000b2735f3ece39a2b68474ee0856b6","1","1","156923","https://p.scdn.co/mp3-preview/d480045899b21a189c9f7012c221c43dce3662ae?cid=9950ac751e34487dbbe027c4fd7f8e99","false","63","spotify:user:","2022-07-15T04:01:00Z","edm,electro house,pop dance,progressive electro house,progressive house,big room,dutch trance,edm,electro house,pop dance","0.599","0.954","1","-5.088","0","0.353","0.0559","0.504","0.606","0.358","129.957","4","","Rave Culture","C 2022 ""The Lone Ranger"" is a version of ""Apache"" (Lordan). Published by Francis Day & Hunter Ltd. Used by permission. All rights reserved., P 2022 ""The Lone Ranger"" is a version of ""Apache"" (Lordan). Published by Francis Day & Hunter Ltd. Used by permission. All rights reserved."
"spotify:track:1IjtAvFs602L4N6c7JQHg3","Stained Glass","spotify:artist:4kiGFkkVQVz9a8XIw8lX7u, spotify:artist:5P6sCfR0dw7dR4nOx8i4Nt, spotify:artist:1569hvm0IW3DHOfruYP2lM","Severman, Arshan Joel, Robbie Rosen","spotify:album:3wgyG24J3yBnu2ebaHFgPY","Stained Glass","spotify:artist:4kiGFkkVQVz9a8XIw8lX7u, spotify:artist:5P6sCfR0dw7dR4nOx8i4Nt, spotify:artist:1569hvm0IW3DHOfruYP2lM","Severman, Arshan Joel, Robbie Rosen","2022-05-20","https://i.scdn.co/image/ab67616d0000b27371749764ad8744fbd9d7b653","1","1","214218","https://p.scdn.co/mp3-preview/1d9df2ea76814b6261a85b2a8b2764b2d7b60404?cid=9950ac751e34487dbbe027c4fd7f8e99","false","43","spotify:user:","2022-07-15T04:01:00Z","","0.449","0.671","6","-3.966","1","0.0454","0.0401","0","0.183","0.343","127.927","4","","Loud Memory","C (C) 2022 loud Memory, P (P) 2022 Loud Memory"
"spotify:track:0MAmBZVV9a6bdeiBPZXSW9","BLACK MAGIC","spotify:artist:6BrvowZBreEkXzJQMpL174","Hardwell","spotify:album:7wFHTmHUtg2OL02ADttmT9","BLACK MAGIC","spotify:artist:6BrvowZBreEkXzJQMpL174","Hardwell","2022-04-29","https://i.scdn.co/image/ab67616d0000b273b437dfc5a49cd8f727f88c88","1","1","245624","","false","37","spotify:user:","2022-07-15T04:01:00Z","big room,dance pop,dutch house,edm,electro house,pop dance,progressive electro house,progressive house,tropical house","0.566","0.928","10","-6.722","1","0.0484","0.0015","0.905","0.515","0.0959","127.98","4","","Revealed Recordings","C 2022 Revealed Music B.V., P 2022 Revealed Music B.V."
"spotify:track:0dDGl66J8riMFyp2yUn88W","Say It Again","spotify:artist:1u7OVFmWah4wQhOPIbUb8U","Will Sparks","spotify:album:6qmP3e4qPHcnj0576IRaV6","Say It Again","spotify:artist:1u7OVFmWah4wQhOPIbUb8U","Will Sparks","2022-04-01","https://i.scdn.co/image/ab67616d0000b273dc2862bc4d54ce2b802fa166","1","1","207272","https://p.scdn.co/mp3-preview/95c96b0d5c29bfade0f37289047874d14f0fd3b2?cid=9950ac751e34487dbbe027c4fd7f8e99","false","61","spotify:user:","2022-07-15T04:01:00Z","big room,edm,electro house,melbourne bounce,melbourne bounce international,pop dance","0.635","0.983","1","-6.252","0","0.0516","0.199","0.852","0.419","0.035","132.004","4","","Armada Music","C 2022 Armada Music B.V., P 2022 Armada Music B.V."
"spotify:track:5rYJdqK0TTWSqSRbOnsLmg","Cafe Del Mar","spotify:artist:73jBynjsVtofjRpdpRAJGk, spotify:artist:29zsVzEH33dD5QqxeL8dvy, spotify:artist:1RQ3ZwCNI7KniEKIN5kkio","Dimitri Vegas & Like Mike, Vini Vici, MATTN","spotify:album:7fBrYVTlHm2HDWLciyiWUy","Cafe Del Mar","spotify:artist:73jBynjsVtofjRpdpRAJGk, spotify:artist:29zsVzEH33dD5QqxeL8dvy, spotify:artist:1RQ3ZwCNI7KniEKIN5kkio","Dimitri Vegas & Like Mike, Vini Vici, MATTN","2022-04-01","https://i.scdn.co/image/ab67616d0000b2734ce2b18083d5d960ebf6f4cb","1","1","211764","https://p.scdn.co/mp3-preview/dede057a983114fe1880f85e897877052aa24017?cid=9950ac751e34487dbbe027c4fd7f8e99","false","60","spotify:user:","2022-07-15T04:01:00Z","belgian dance,belgian edm,big room,dance pop,edm,electro house,pop dance,progressive electro house,tropical house,progressive uplifting trance,belgian edm,edm,electro house,sky room","0.512","0.972","5","-5.359","0","0.0526","0.0178","0.858","0.148","0.357","135.999","4","","Smash The House","C (C) 2022 Smash The House, P (P) 2022 Smash The House"
"spotify:track:51mycpP5uFInLw300nestX","Miracle Maker (feat. Clementine Douglas)","spotify:artist:205i7E8fNVfojowcQSfK9m, spotify:artist:4DWuml4Jf6K81b5rAPwMb6","Dom Dolla, Clementine Douglas","spotify:album:7iBzFQOfChL6eqK5dodErb","Miracle Maker (feat. Clementine Douglas)","spotify:artist:205i7E8fNVfojowcQSfK9m, spotify:artist:4DWuml4Jf6K81b5rAPwMb6","Dom Dolla, Clementine Douglas","2022-07-14","https://i.scdn.co/image/ab67616d0000b273738457fb88b212cbab3a215d","1","1","188592","","false","44","spotify:user:","2022-07-15T04:01:00Z","australian house,deep groove house,edm,electro house,house","0.609","0.94","10","-6.097","1","0.0601","0.00129","0.278","0.15","0.242","127.988","4","","Sweat It Out!","C © 2022 Sweat It Out!, P ℗ 2022 Sweat It Out! Distributed by Warner Music Australia Pty Ltd"
"spotify:track:5UvLQncwvEGiRLn0xEZw45","Off The Ground","spotify:artist:0QaSiI5TLA4N7mcsdxShDO","Sub Focus","spotify:album:0JkmyjnTBATqM9Di9OsF5h","Off The Ground","spotify:artist:0QaSiI5TLA4N7mcsdxShDO","Sub Focus","2022-06-20","https://i.scdn.co/image/ab67616d0000b27346fdc7d7bfe07acd9af644c7","1","1","242750","https://p.scdn.co/mp3-preview/66247ce7b0592548305a29abe12bc5d75982ec6e?cid=9950ac751e34487dbbe027c4fd7f8e99","false","65","spotify:user:","2022-07-15T04:01:00Z","dancefloor dnb,drum and bass,uk dance,uk dnb","0.582","0.791","0","-3.643","0","0.0427","0.0296","0.105","0.118","0.0422","174.01","4","","EMI","C © 2022 Sub Focus, under exclusive license to Universal Music Operations Limited, P An EMI release; ℗ 2022 Sub Focus, under exclusive license to Universal Music Operations Limited"
"spotify:track:2bo8HF4dpbfJrxD6gaW3BJ","State Of Mind (feat. Sarah de Warren)","spotify:artist:1pbHrVayIcVpHI9z97u4bK, spotify:artist:2V431yZGG08uroH2CZAgur","Bingo Players, Sarah de Warren","spotify:album:3iNsypqs4GW8EkEe72cPHe","State Of Mind (feat. Sarah de Warren)","spotify:artist:1pbHrVayIcVpHI9z97u4bK, spotify:artist:2V431yZGG08uroH2CZAgur","Bingo Players, Sarah de Warren","2022-03-04","https://i.scdn.co/image/ab67616d0000b2735317ca1ffc0ba8ae092ece4e","1","1","172431","https://p.scdn.co/mp3-preview/4601179a7e3f865ee516c4cb545c1e87e2cf997f?cid=9950ac751e34487dbbe027c4fd7f8e99","false","51","spotify:user:","2022-07-15T04:01:00Z","big room,dance pop,edm,electro house,house,pop dance,progressive electro house,progressive house,indie electropop","0.746","0.923","0","-5.035","1","0.0424","0.000415","0.254","0.1","0.472","124.989","4","","Hysteria","C Hysteria Records, © 2022 SpinninRecords.com, P Hysteria Records, ℗ 2022 SpinninRecords.com"
"spotify:track:2qLM9dbsAbjCE9N3fPagG2","Double Dip","spotify:artist:7d96RW5Vix23AiCHr3mf3D","Anna Lunoe","spotify:album:5FID5KjP1a0xptUHQZkIVL","Double Dip","spotify:artist:7d96RW5Vix23AiCHr3mf3D","Anna Lunoe","2022-03-02","https://i.scdn.co/image/ab67616d0000b2732b5fdb15a3616ab8aff3160a","1","1","198906","https://p.scdn.co/mp3-preview/53f28feb71fe0802074f4b45535e329ec2444838?cid=9950ac751e34487dbbe027c4fd7f8e99","false","53","spotify:user:","2022-07-15T04:01:00Z","bass house,electra,nu disco","0.686","0.954","10","-4.652","0","0.0552","0.000576","0.826","0.0763","0.544","127.986","4","","NLV Records","C (C) 2022 NLV Records, P (P) 2022 NLV Records"
"spotify:track:0PD9B4GdmJ3ePGmD8Pm4cS","Flexin'","spotify:artist:53cQZtWDwDJwVCNZlfJ6Qk, spotify:artist:2d6W4cnC5XsVOaxtgaj9hA","Laidback Luke, Eva Simons","spotify:album:1ENKw49PqEQGWdTpmDPhS7","Flexin'","spotify:artist:53cQZtWDwDJwVCNZlfJ6Qk, spotify:artist:2d6W4cnC5XsVOaxtgaj9hA","Laidback Luke, Eva Simons","2022-04-15","https://i.scdn.co/image/ab67616d0000b273b7b730c891a7226e737357b4","1","1","182362","https://p.scdn.co/mp3-preview/c65a70b60da86b161561067dbcee9c72ad6fcf01?cid=9950ac751e34487dbbe027c4fd7f8e99","false","44","spotify:user:","2022-07-15T04:01:00Z","big room,dance pop,dutch edm,dutch house,edm,electro house,house,pop dance,pop edm,progressive electro house,progressive house,tropical house,dutch pop,electropop","0.723","0.901","2","-5.208","1","0.0524","0.064","0.0409","0.0366","0.664","127.019","4","","Mixmash Records","C 2022 Mixmash Records, P 2022 Mixmash Records"
"spotify:track:10oKSzRcwbZsog2uq2gb4b","Escape (feat. Hayla)","spotify:artist:2avRYQUWQpIkzJOEkf0MdY, spotify:artist:2CIMQHirSU0MQqyYHq0eOx, spotify:artist:6TQj5BFPooTa08A7pk8AQ1, spotify:artist:4yX6mpMyBGf9UfvBB8JJrc","Kx5, deadmau5, Kaskade, Hayla","spotify:album:1VvswDkZLX5hUgFW7F79GI","Escape (feat. Hayla)","spotify:artist:2avRYQUWQpIkzJOEkf0MdY, spotify:artist:2CIMQHirSU0MQqyYHq0eOx, spotify:artist:6TQj5BFPooTa08A7pk8AQ1","Kx5, deadmau5, Kaskade","2022-03-11","https://i.scdn.co/image/ab67616d0000b2733e94f86c2d955a8245702a8c","1","1","240445","https://p.scdn.co/mp3-preview/c89fadc45fa374c90186e2ded19c1e8e796b24eb?cid=9950ac751e34487dbbe027c4fd7f8e99","false","75","spotify:user:","2022-07-15T04:01:00Z","edm,pop dance,canadian electronic,edm,electro house,pop dance,progressive house,edm,electro house,house,pop dance,progressive house,tropical house,vocal house","0.66","0.799","9","-6.934","0","0.0719","0.179","0.000364","0.701","0.148","126.08","4","","mau5trap Recordings Limited","C 2022 mau5trap Recordings Limited / Arkade under exclusive license to AWAL Recordings America, Inc., P 2022 mau5trap Recordings Limited / Arkade under exclusive license to AWAL Recordings America, Inc."
"spotify:track:49yvk8qS9L7I5aDeIMSutb","Show Me A Sign (with MKLA)","spotify:artist:1ic0FHNGIjXZAWH6O6Reif, spotify:artist:57Vnemieu10x71jR2UWc4o","Ship Wrek, MKLA","spotify:album:2YhDLveyepgvgfnV8BBMOL","Show Me A Sign","spotify:artist:1ic0FHNGIjXZAWH6O6Reif, spotify:artist:57Vnemieu10x71jR2UWc4o","Ship Wrek, MKLA","2022-02-18","https://i.scdn.co/image/ab67616d0000b2736fd3714c73d728e64e2cfa18","1","1","223283","https://p.scdn.co/mp3-preview/f91fa3169bf84da60ec59028f3a69a8c0cc4a106?cid=9950ac751e34487dbbe027c4fd7f8e99","false","54","spotify:user:","2022-07-15T04:01:00Z","bass house,electro house","0.717","0.763","2","-5.178","1","0.0559","0.0437","0.0000602","0.154","0.741","126.002","4","","Astralwerks","C © 2022 Ship Wrek, Inc., under exclusive license to UMG Recordings, Inc., P Astralwerks; ℗ 2022 Ship Wrek, Inc., under exclusive license to UMG Recordings, Inc."
"spotify:track:7nHruG1y3zBupJG6F6UQtB","INTO THE UNKNOWN","spotify:artist:6BrvowZBreEkXzJQMpL174","Hardwell","spotify:album:5m6bf6RkkaLp3iTH7qllng","INTO THE UNKNOWN","spotify:artist:6BrvowZBreEkXzJQMpL174","Hardwell","2022-04-01","https://i.scdn.co/image/ab67616d0000b273076b38c16b277bf7ea7d5201","1","1","238125","","false","47","spotify:user:","2022-07-15T04:01:00Z","big room,dance pop,dutch house,edm,electro house,pop dance,progressive electro house,progressive house,tropical house","0.457","0.954","8","-8.58","1","0.107","0.00127","0.778","0.297","0.0273","127.969","3","","Revealed Recordings","C 2022 Revealed Music B.V., P 2022 Revealed Music B.V."
"spotify:track:0onLNYV4aYuSQb8wPxR0O0","Back To My Love","spotify:artist:521qvhdobR0GzhvU6TFw76, spotify:artist:1fvH6NeNDohKGKwvRiebRA","Tritonal, Marlhy","spotify:album:15DIdaAn3pfC5uETbGsUSF","Back To My Love","spotify:artist:521qvhdobR0GzhvU6TFw76, spotify:artist:1fvH6NeNDohKGKwvRiebRA","Tritonal, Marlhy","2022-04-28","https://i.scdn.co/image/ab67616d0000b2730295bf06f1b87c04119552ed","1","1","401951","https://p.scdn.co/mp3-preview/2011b0a10cdef94713740e9181ba67d8bc854669?cid=9950ac751e34487dbbe027c4fd7f8e99","false","46","spotify:user:","2022-07-15T04:01:00Z","edm,electro house,melodic dubstep,pop dance,pop edm,progressive electro house,progressive house,progressive trance,trance,tropical house,uplifting trance","0.61","0.924","10","-6.062","0","0.0614","0.00208","0.517","0.241","0.0802","123.032","4","","Enhanced Recordings","C 2022 Enhanced Recordings / Enhanced Music, P 2022 Enhanced Recordings / Enhanced Music"
"spotify:track:4jQZkLxVApMh4NPRWVSuP9","Trust Fall","spotify:artist:7FZKXzbyCoai0fEh65kZKp","Codeko","spotify:album:5rXnIb1ogWzXaVnfzkxht2","Trust Fall","spotify:artist:7FZKXzbyCoai0fEh65kZKp","Codeko","2022-04-22","https://i.scdn.co/image/ab67616d0000b2731317608f5fbe0793c8eb18fd","1","1","218250","https://p.scdn.co/mp3-preview/3c37c32a25c8936fb39286a23333dbf8906c26e7?cid=9950ac751e34487dbbe027c4fd7f8e99","false","39","spotify:user:","2022-07-15T04:01:00Z","gaming edm,pop edm","0.579","0.667","6","-7.663","1","0.054","0.0893","0.0000352","0.478","0.224","125.021","4","","Enhanced Recordings","C 2022 Enhanced Recordings / Enhanced Music, P 2022 Enhanced Recordings / Enhanced Music"
"spotify:track:4exGSaz6lVTxxZVF1xVD4k","God is A DJ","spotify:artist:5T4UKHhr4HGIC0VzdZQtAE, spotify:artist:1Cs0zKBU1kc0i8ypK3B9ai","Faithless, David Guetta","spotify:album:5hoygc74uvTK3cNAK7DAkE","God Is a DJ","spotify:artist:5T4UKHhr4HGIC0VzdZQtAE, spotify:artist:1Cs0zKBU1kc0i8ypK3B9ai","Faithless, David Guetta","2021-12-10","https://i.scdn.co/image/ab67616d0000b2737912e8e0630f25445240929d","1","1","155000","https://p.scdn.co/mp3-preview/09553e097cda8bf2acabf9c9381e207655968b62?cid=9950ac751e34487dbbe027c4fd7f8e99","false","60","spotify:user:","2022-07-15T04:01:00Z","big beat,downtempo,electronica,trip hop,big room,dance pop,edm,pop,pop dance,pop rap","0.598","0.964","6","-4.173","1","0.0523","0.0444","0.654","0.234","0.115","126.015","4","","Ministry of Sound Recordings","P (P) 2021 Ministry of Sound Recordings / Sony Music Entertainment UK Limited"
"spotify:track:4MyPLcBTpqfXZJKcUhMXOg","Set You Free","spotify:artist:5wwneIFdawNgQ7GvKK29Z3, spotify:artist:4eWvHAcWh3Hq6DYJ9K3mD4","Lucas & Steve, Laura White","spotify:album:1cQwMGOrpiXTdeot0bdplB","Set You Free","spotify:artist:5wwneIFdawNgQ7GvKK29Z3, spotify:artist:4eWvHAcWh3Hq6DYJ9K3mD4","Lucas & Steve, Laura White","2022-01-28","https://i.scdn.co/image/ab67616d0000b27355159b48862b1048f1312fed","1","1","169523","https://p.scdn.co/mp3-preview/b042f8b5cf053fce866ad7574739a4a1286fb820?cid=9950ac751e34487dbbe027c4fd7f8e99","false","62","spotify:user:","2022-07-15T04:01:00Z","dance pop,edm,electro house,pop dance,pop edm,tropical house,talent show","0.554","0.93","5","-4.646","0","0.0768","0.0024","0.535","0.4","0.431","126.015","4","","Tomorrowland Music","C © 2022 Tomorrowland Music, P ℗ 2022 Tomorrowland Music"
"spotify:track:2YUVIkvZ2tPEZYTepX6oT9","Move It","spotify:artist:0deIjoDjl9g9Zpw0sCIOHh, spotify:artist:5R3Hr2cnCCjt220Jmt2xLf","Valentino Khan, Dillon Francis","spotify:album:77jDTOiz2yoBETypeoYgza","Move It","spotify:artist:0deIjoDjl9g9Zpw0sCIOHh, spotify:artist:5R3Hr2cnCCjt220Jmt2xLf","Valentino Khan, Dillon Francis","2022-04-22","https://i.scdn.co/image/ab67616d0000b2738c173f60e693615dd41e888e","1","1","201259","https://p.scdn.co/mp3-preview/6095b1c8abf94e2f436f7bc80ecf3d0280a775e1?cid=9950ac751e34487dbbe027c4fd7f8e99","true","66","spotify:user:","2022-07-15T04:01:00Z","bass house,brostep,edm,electro house,electronic trap,moombahton,pop dance,brostep,dance pop,edm,electro house,electronic trap,electropop,house,moombahton,pop,pop dance,slap house,tropical house","0.796","0.894","0","-1.883","1","0.0502","0.000671","0.859","0.0685","0.619","127.009","4","","VK Music","C 2022 VK Music, P 2022 VK Music"
"spotify:track:0QFKNWVDzx68m98IMDSxyY","Keep Moving","spotify:artist:1V3VTM7VspiQjcmRhC010n","Quintino","spotify:album:169CFMX9eGD379MAPwLEud","Keep Moving","spotify:artist:1V3VTM7VspiQjcmRhC010n","Quintino","2022-07-01","https://i.scdn.co/image/ab67616d0000b273cdf90146e5f89fdc0bc53453","1","1","146250","https://p.scdn.co/mp3-preview/046b593421f8a6f213209967ac5284d7866d223c?cid=9950ac751e34487dbbe027c4fd7f8e99","false","54","spotify:user:","2022-07-15T04:01:00Z","dutch edm,dutch house,edm,electro house,pop dance,progressive electro house,slap house","0.645","0.992","8","-4.375","1","0.0426","0.0312","0.91","0.169","0.365","127.927","4","","SupersoniQ Records","C 2022 SupersoniQ records, P 2022 SupersoniQ records"
"spotify:track:6XubRj327VPMQCUgJJpCub","Sao Paulo","spotify:artist:2rTo8KIkBTFjQS7VvaKYQ4, spotify:artist:0n5RLOUDVIpQopAEUbY0zU, spotify:artist:3gTl4XARdQR2Sy59osG0Ia","W&W, The Lost Shepherds, Sonny Wilson","spotify:album:521mw9CgSRTzUDE594y3PK","Sao Paulo","spotify:artist:2rTo8KIkBTFjQS7VvaKYQ4, spotify:artist:0n5RLOUDVIpQopAEUbY0zU, spotify:artist:3gTl4XARdQR2Sy59osG0Ia","W&W, The Lost Shepherds, Sonny Wilson","2022-04-08","https://i.scdn.co/image/ab67616d0000b273134ed0113c4cee35e0c66b0a","1","1","190312","https://p.scdn.co/mp3-preview/a4b072c7d214184f0cf2e8590e0bca792b19a357?cid=9950ac751e34487dbbe027c4fd7f8e99","false","55","spotify:user:","2022-07-15T04:01:00Z","big room,dutch trance,edm,electro house,pop dance","0.67","0.957","9","-2.39","1","0.0695","0.00376","0.00469","0.27","0.176","127.973","4","","Rave Culture","C 2022 Rave Culture Music B.V., P 2022 Rave Culture Music B.V."
"spotify:track:2zME1tNgLyHCJ29E2uSeJM","Adidas & Pearls","spotify:artist:0oO1IaDOBSeI96HbnCa5pZ, spotify:artist:28uJnu5EsrGml2tBd7y8ts, spotify:artist:1mbybf2CrAiwWiznqA8R3g","Solardo, Vintage Culture, LOWES","spotify:album:5zTHdYXq0ojTz7J4K2gCUN","Adidas & Pearls","spotify:artist:0oO1IaDOBSeI96HbnCa5pZ, spotify:artist:28uJnu5EsrGml2tBd7y8ts, spotify:artist:1mbybf2CrAiwWiznqA8R3g","Solardo, Vintage Culture, LOWES","2022-06-24","https://i.scdn.co/image/ab67616d0000b273bf182a9370aff7cc3504f5e6","1","1","209280","https://p.scdn.co/mp3-preview/1bf401b5b8feb5ec68d8778b38f5c17db7787f62?cid=9950ac751e34487dbbe027c4fd7f8e99","false","62","spotify:user:","2022-07-15T04:01:00Z","deep groove house,deep house,house,pop dance,uk dance,brazilian edm","0.589","0.893","7","-8.24","0","0.0428","0.000875","0.00822","0.0917","0.433","125","4","","Ultra Records, LLC","P (P) 2022 Ultra Records, LLC"
"spotify:track:4ljGFqApJVMvkkhnVezg4K","Better","spotify:artist:39B7ChWwrWDs7zXlsu3MoP","Sonny Fodera","spotify:album:6KjkOTCElyMZo9ZwN9xuel","Better","spotify:artist:39B7ChWwrWDs7zXlsu3MoP","Sonny Fodera","2022-06-10","https://i.scdn.co/image/ab67616d0000b273fcaae55c5d8c972a8179f7aa","1","1","213298","https://p.scdn.co/mp3-preview/1400bcf505b9ce42c569dab6c1c4483c916cb4ca?cid=9950ac751e34487dbbe027c4fd7f8e99","false","65","spotify:user:","2022-07-15T04:01:00Z","dance pop,deep groove house,house,pop dance,tropical house,uk dance","0.593","0.857","2","-7.088","1","0.046","0.000429","0.143","0.192","0.313","123.993","4","","Solotoko","C © 2022 Solotoko, P ℗ 2022 Solotoko"
"spotify:track:7vHdp6gYkI0736fDSX1IBo","Running (feat. Meg Myers)","spotify:artist:4iBwchw0U0GZv5RfVYSMxN, spotify:artist:0W8xe7IqAPlnBRMUpWOUuJ","Anyma, Meg Myers","spotify:album:4Z2stNWBhvnlyEZ5fWDuCx","Running","spotify:artist:4iBwchw0U0GZv5RfVYSMxN","Anyma","2021-12-07","https://i.scdn.co/image/ab67616d0000b273a0ab4b82abf4463152d0e829","1","1","385436","","false","57","spotify:user:","2022-07-15T04:01:00Z","dark pop,electropop,shimmer pop","0.699","0.803","9","-7.431","0","0.0434","0.0336","0.691","0.115","0.029","124.977","4","","300 Entertainment","C © 2021 300 Entertainment / Afterlife, P ℗ 2021 300 Entertainment / Afterlife"
"spotify:track:7cmpWAZsamIlIiyU1aMGZD","Quantum","spotify:artist:60d24wfXkVzDSfLS6hyCjZ, spotify:artist:4mHAu7NX2UNsnGXjviBD9e","Martin Garrix, Brooks","spotify:album:35xmlcqBI4rtJZXiDAI9Xo","Quantum","spotify:artist:60d24wfXkVzDSfLS6hyCjZ, spotify:artist:4mHAu7NX2UNsnGXjviBD9e","Martin Garrix, Brooks","2022-04-08","https://i.scdn.co/image/ab67616d0000b273c45c00b377a0887fa330dc52","1","1","178593","https://p.scdn.co/mp3-preview/03dd6a101194b0c43110cf2ead6da43e5c0dcbe1?cid=9950ac751e34487dbbe027c4fd7f8e99","false","60","spotify:user:","2022-07-15T04:01:00Z","dance pop,dutch edm,edm,electro house,pop,pop dance,progressive house,tropical house,edm,electro house,future house,pop dance,pop edm,progressive electro house,progressive house","0.627","0.902","6","-5.149","0","0.0384","0.0105","0.952","0.0997","0.135","128.021","4","","STMPD RCRDS","C 2022 STMPD RCRDS B.V., P 2022 STMPD RCRDS B.V."
"spotify:track:2iQMxfQyEyypb0MCFYaLlE","Ininna Tora","spotify:artist:0CbeG1224FS58EUx4tPevZ, spotify:artist:2wX6xSig4Rig5kZU6ePlWe, spotify:artist:1fzjSsvVUpGt2W0itpcTKP","Timmy Trumpet, KSHMR, Mildenhaus","spotify:album:62oEG3Jyw8Pgp9HfUnzY0G","Ininna Tora","spotify:artist:0CbeG1224FS58EUx4tPevZ, spotify:artist:2wX6xSig4Rig5kZU6ePlWe, spotify:artist:1fzjSsvVUpGt2W0itpcTKP","Timmy Trumpet, KSHMR, Mildenhaus","2022-03-25","https://i.scdn.co/image/ab67616d0000b273e0b631d83d222fcc4c6b1265","1","1","204598","https://p.scdn.co/mp3-preview/ee6ea96fc01844e61b33a48064c3794268946702?cid=9950ac751e34487dbbe027c4fd7f8e99","false","63","spotify:user:","2022-07-15T04:01:00Z","australian dance,big room,edm,electro house,melbourne bounce,melbourne bounce international,pop dance,big room,edm,electro house,indian edm,pop dance,slap house,tropical house","0.731","0.893","0","-3.826","1","0.0828","0.0581","0.675","0.2","0.522","137.998","4","","Dharma","C Dharma, © 2022 SpinninRecords.com, P Dharma, ℗ 2022 SpinninRecords.com"
"spotify:track:1aEHWqvtZ1JIBUl1loQBDn","Don’t Keep Me Waiting","spotify:artist:5czbzNZZfWpyFgZyfT3Mkk","SIDEPIECE","spotify:album:03fU1mpcpIJ70JaKzwmbbF","Don’t Keep Me Waiting","spotify:artist:5czbzNZZfWpyFgZyfT3Mkk","SIDEPIECE","2022-02-25","https://i.scdn.co/image/ab67616d0000b27395da832a7d779c4d36c2ac07","1","1","209687","https://p.scdn.co/mp3-preview/59d3a25a142f74129689a3a6aea80cc389aeab94?cid=9950ac751e34487dbbe027c4fd7f8e99","false","63","spotify:user:","2022-07-15T04:01:00Z","bass house,edm,electro house,house,pop dance","0.731","0.807","7","-6.575","1","0.0432","0.0527","0.00023","0.0737","0.304","126.033","4","","Parlophone UK","C Under exclusive licence to Parlophone Records Limited / FFRR., © 2022 SIDEPIECE, P Under exclusive License to Parlophone Records Limited / FFRR., ℗ 2022 SIDEPIECE"
"spotify:track:0FaYwDuZUSghdVvqxGyMTh","Do U Want It","spotify:artist:1YuNQvsvOsMBm0ahbxB8qM, spotify:artist:6Tu9KiWKN5ENQ2VjGCVN18","Orjan Nilsen, Max Vangeli","spotify:album:0PhQZV4ZaIk0rBJ6ohM1dF","Do U Want It","spotify:artist:1YuNQvsvOsMBm0ahbxB8qM, spotify:artist:6Tu9KiWKN5ENQ2VjGCVN18","Orjan Nilsen, Max Vangeli","2022-04-15","https://i.scdn.co/image/ab67616d0000b2730d059a816a9a4a6a03f4bac7","1","1","165120","https://p.scdn.co/mp3-preview/6299e9d217c5833d07520ba10c12c286dd7bdea9?cid=9950ac751e34487dbbe027c4fd7f8e99","false","39","spotify:user:","2022-07-15T04:01:00Z","edm,pop dance,progressive house,progressive trance,trance,uplifting trance,progressive electro house","0.664","0.973","0","-2.987","0","0.283","0.234","0.000287","0.0813","0.226","125.024","4","","In My Opinion","C 2022 In My Opinion, P 2022 In My Opinion"
"spotify:track:1ChJyLrvuFRUQIbBuavjcO","LINE IN THE SAND","spotify:artist:1wvo1Xor4CLS2ySK1HywfH, spotify:artist:0vomb9Zaob10lPzxBcIiNb","KILL SCRIPT, Linney","spotify:album:3gJhVuyWCQR2B1HknimhZk","LINE IN THE SAND","spotify:artist:1wvo1Xor4CLS2ySK1HywfH, spotify:artist:0vomb9Zaob10lPzxBcIiNb","KILL SCRIPT, Linney","2022-06-03","https://i.scdn.co/image/ab67616d0000b27387d599f836f6d9ac3a677ff3","1","1","305078","https://p.scdn.co/mp3-preview/b78bc51b98210f76741cacbba59718279cfd3ea9?cid=9950ac751e34487dbbe027c4fd7f8e99","false","39","spotify:user:","2022-07-15T04:01:00Z","","0.466","0.843","6","-6.08","0","0.0469","0.0322","0.811","0.132","0.159","127.92","4","","Armada Music","C 2022 Armada Music B.V., P 2022 Armada Music B.V."
"spotify:track:5pF92bDyufEHqAOEf2Dtuu","Pressure","spotify:artist:5ChF3i92IPZHduM7jN3dpg","Nicky Romero","spotify:album:1g10Y8UBz1389c7dGexIVF","Pressure","spotify:artist:5ChF3i92IPZHduM7jN3dpg","Nicky Romero","2022-04-29","https://i.scdn.co/image/ab67616d0000b273bd4f0b73fbb1221bcf23d9fe","1","1","156377","https://p.scdn.co/mp3-preview/87c17ada3edd3fb79c9fb324b1a5a9e1e56ec204?cid=9950ac751e34487dbbe027c4fd7f8e99","false","47","spotify:user:","2022-07-15T04:01:00Z","big room,dance pop,dutch edm,edm,electro house,house,pop dance,pop edm,progressive electro house,progressive house,tropical house","0.627","0.972","6","-4.924","1","0.0523","0.0000542","0.797","0.376","0.186","126.982","4","","Protocol Recordings","C 2022 Protocol Recordings BV, P 2022 Protocol Recordings BV"
"spotify:track:6L4ZHLACL2Fla9qT56ef8P","No Time","spotify:artist:1V3VTM7VspiQjcmRhC010n","Quintino","spotify:album:4WgsMPY3IfJt6w0BC3VkSI","No Time","spotify:artist:1V3VTM7VspiQjcmRhC010n","Quintino","2022-05-06","https://i.scdn.co/image/ab67616d0000b273435603016ce1d9736e0ef20c","1","1","156328","https://p.scdn.co/mp3-preview/a1716dd601f6bc1c00dbf98522e490d952fe24d4?cid=9950ac751e34487dbbe027c4fd7f8e99","false","58","spotify:user:","2022-07-15T04:01:00Z","dutch edm,dutch house,edm,electro house,pop dance,progressive electro house,slap house","0.639","0.955","1","-7.377","1","0.0508","0.0105","0.812","0.0744","0.635","127.998","4","","SupersoniQ Records","C 2022 SupersoniQ Records, P 2022 SupersoniQ Records"
"spotify:track:075frt5ViwzxiNyfyzivMW","Empty Oceans (feat. Matluck)","spotify:artist:4AT7XlLBevgZIiKvZQ83ye, spotify:artist:5CieAewiroqzWWxdsWuoNu","Trivecta, Matluck","spotify:album:6JI14Iisr1vEyw3YiMe1rs","The Way Back Up","spotify:artist:4AT7XlLBevgZIiKvZQ83ye","Trivecta","2022-05-13","https://i.scdn.co/image/ab67616d0000b2731af001884daa915e7a9b183b","1","9","258461","https://p.scdn.co/mp3-preview/3c8eb7456283c282baa7de71332c4d7685d81296?cid=9950ac751e34487dbbe027c4fd7f8e99","false","42","spotify:user:","2022-07-15T04:01:00Z","chillstep,dubstep,edm,electro house,future bass,gaming edm,melodic dubstep,pop dance,pop edm","0.364","0.734","4","-5.795","1","0.0397","0.00872","0.0000146","0.0789","0.071","130.058","4","","Ophelia","C 2022 Ophelia, P 2022 Ophelia"
"spotify:track:6V8UEh7aSmuh1qxe1HnNnE","Monday Kind of Tuesday","spotify:artist:3qi5fhSI6aUecvRN0XqIJ2, spotify:artist:7bZGP9ijvv55LOENT634Mj","MistaJam, PS1","spotify:album:3UH4jh4TcxS2Iyk1EAHVgj","Monday Kind of Tuesday","spotify:artist:3qi5fhSI6aUecvRN0XqIJ2, spotify:artist:7bZGP9ijvv55LOENT634Mj","MistaJam, PS1","2022-04-01","https://i.scdn.co/image/ab67616d0000b27354985954b8adc07d67b51f9c","1","1","142677","https://p.scdn.co/mp3-preview/bc1723feab28a049678b399c40cc78c553c00fde?cid=9950ac751e34487dbbe027c4fd7f8e99","false","57","spotify:user:","2022-07-15T04:01:00Z","house","0.685","0.873","4","-5.774","0","0.0433","0.00292","0.0105","0.0752","0.727","125.01","4","","B1 Recordings","P (P) 2022 B1 Records Limited, a company of Sony Music Entertainment UK Limited"
"spotify:track:6mLyj5lvyd3m8AvMkIGIvv","Can't Believe","spotify:artist:4Tpbh6x3um360ffs5DUpgx, spotify:artist:6zQzf5rafx9QyRokaqO4qH","STRLGHT, NIGHTCAP","spotify:album:2Y349tpR3zMd1TLzT7NE5e","Can't Believe / Nadiali","spotify:artist:4Tpbh6x3um360ffs5DUpgx, spotify:artist:6zQzf5rafx9QyRokaqO4qH","STRLGHT, NIGHTCAP","2022-04-22","https://i.scdn.co/image/ab67616d0000b273e2d57f6b46a8cf1540cb6df1","1","1","160475","https://p.scdn.co/mp3-preview/405653c88194540a9530522f9a06e7f708ce93a5?cid=9950ac751e34487dbbe027c4fd7f8e99","false","39","spotify:user:","2022-07-15T04:01:00Z","","0.606","0.947","11","-4.092","0","0.045","0.00159","0.787","0.235","0.0678","122.969","4","","Epidemic Electronic","C 2022 Epidemic Electronic, P 2022 Epidemic Electronic"
"spotify:track:3MxPNd2u8RsgMrJy2M3Jo2","The Promoter","spotify:artist:3cQA9WH8liZfeja1DxcDYE, spotify:artist:4AatAhtKlfnbdMwlxdTwwr","Armand Van Helden, Brittles","spotify:album:7LprP4sF9Ti4GpiNnDeWXf","The Promoter","spotify:artist:3cQA9WH8liZfeja1DxcDYE, spotify:artist:4AatAhtKlfnbdMwlxdTwwr","Armand Van Helden, Brittles","2022-06-10","https://i.scdn.co/image/ab67616d0000b2732577cfe7f9ed6b3adca55614","1","1","196190","https://p.scdn.co/mp3-preview/8e7a1d82328f34e7d8ec84aab9defd5d73bf9b81?cid=9950ac751e34487dbbe027c4fd7f8e99","false","43","spotify:user:","2022-07-15T04:01:00Z","deep house,disco house,house,pop dance,speed garage,vocal house","0.838","0.912","11","-4.542","1","0.0595","0.0283","0.0245","0.0468","0.904","126.028","4","","3Beat","C © 2022 3Beat Productions Limited, P ℗ 2022 3Beat Productions Limited"
"spotify:track:2HXX7sAKE71YbJ5Wysju9e","Superman","spotify:artist:0SfsnGyD8FpIN4U4WCkBZ5, spotify:artist:37awA8DFCAnCCL7aqYbDnD, spotify:artist:0gySpejfRTyfba7i8uok3K","Armin van Buuren, Blasterjaxx, 24h","spotify:album:7tYL9vmWTgy5l6XN2yMnYc","Superman","spotify:artist:0SfsnGyD8FpIN4U4WCkBZ5, spotify:artist:37awA8DFCAnCCL7aqYbDnD, spotify:artist:0gySpejfRTyfba7i8uok3K","Armin van Buuren, Blasterjaxx, 24h","2022-06-24","https://i.scdn.co/image/ab67616d0000b273d5744f164e94c35b0ed44040","1","1","204250","https://p.scdn.co/mp3-preview/8b1fcda754401a87daca122d55494c8ad7132776?cid=9950ac751e34487dbbe027c4fd7f8e99","false","64","spotify:user:","2022-07-15T04:01:00Z","dutch trance,edm,pop dance,progressive house,trance,big room,dutch house,edm,electro house,pop dance,slap house","0.403","0.884","6","-6.25","0","0.126","0.0115","0.0000692","0.805","0.436","103.501","3","","Armind","C 2022 Armada Music B.V., P 2022 Armada Music B.V. under exclusive license from Armin Audio B.V."
"spotify:track:6B6UOiNJIaymyr05jwMmuw","Lonely Days","spotify:artist:1dsilrkrvxXE6I02SWfDYD, spotify:artist:1569hvm0IW3DHOfruYP2lM","Kosling, Robbie Rosen","spotify:album:0QELvGe0mwITZXCdlHozC9","Lonely Days","spotify:artist:1dsilrkrvxXE6I02SWfDYD, spotify:artist:1569hvm0IW3DHOfruYP2lM","Kosling, Robbie Rosen","2022-03-18","https://i.scdn.co/image/ab67616d0000b273bd313348156c58582269256d","1","1","184687","https://p.scdn.co/mp3-preview/2a10dde70692134b64653ddf0a99846f97c7dd2e?cid=9950ac751e34487dbbe027c4fd7f8e99","false","35","spotify:user:","2022-07-15T04:01:00Z","pop edm","0.583","0.615","4","-5.361","1","0.0513","0.00998","0.00000114","0.396","0.457","127.995","4","","Protocol Recordings","C 2022 Protocol Recordings BV, P 2022 Protocol Recordings BV"
"spotify:track:4G4patpYxsF6ovHZOX9wgR","Human (feat. Echoes)","spotify:artist:7kNqXtgeIwFtelmRjWv205, spotify:artist:4pT84mlmySh9CkiGfJA9xV","John Summit, Echoes","spotify:album:0LsQJbzouY38Os8GXxn5dO","Human (feat. Echoes)","spotify:artist:7kNqXtgeIwFtelmRjWv205, spotify:artist:4pT84mlmySh9CkiGfJA9xV","John Summit, Echoes","2021-11-24","https://i.scdn.co/image/ab67616d0000b2731f903731aea694cc58a4ca19","1","1","219047","https://p.scdn.co/mp3-preview/4a51358f786ada5df0b08515856b6df21ff93034?cid=9950ac751e34487dbbe027c4fd7f8e99","false","69","spotify:user:","2022-07-15T04:01:00Z","edm,electro house,house,pop dance","0.544","0.856","5","-6.84","0","0.0314","0.00162","0.818","0.0763","0.233","125.992","4","","FFRR","C © 2021 Parlophone Records Limited/ffrr under license from John Summit & Echoes., P ., ℗ 2021 Parlophone Records Limited/ffrr under license from John Summit & Echoes."
"spotify:track:4XWwO9fZnrDhXZrMBMGesE","Strangers (with Mansionair) - Nora En Pure Remix","spotify:artist:205i7E8fNVfojowcQSfK9m, spotify:artist:4qOzMSukiZoiSjPQw8Zs7s, spotify:artist:24DO0PijjITGIEWsO8XaPs","Dom Dolla, Mansionair, Nora En Pure","spotify:album:4YGsa7amsy1eR6NoCzQyyZ","Strangers (with Mansionair) [Nora En Pure Remix]","spotify:artist:205i7E8fNVfojowcQSfK9m, spotify:artist:4qOzMSukiZoiSjPQw8Zs7s, spotify:artist:24DO0PijjITGIEWsO8XaPs","Dom Dolla, Mansionair, Nora En Pure","2022-03-11","https://i.scdn.co/image/ab67616d0000b2739e0c6b0ca01969a035250b05","1","1","190975","","false","33","spotify:user:","2022-07-15T04:01:00Z","australian house,deep groove house,edm,electro house,house,aussietronica,australian pop,electropop,indietronica,modern rock,vapor soul,deep house,electra,house,progressive house,swiss pop,tropical house","0.644","0.941","8","-5.243","0","0.0379","0.0607","0.74","0.157","0.168","126.013","4","","Sweat It Out!","C © 2022 Sweat It Out!, P ℗ 2022 Sweat It Out! Distributed by Warner Music Australia Pty Ltd"
"spotify:track:1rSUNzMXSxspf02RRQ3p5m","Melody","spotify:artist:1V3VTM7VspiQjcmRhC010n","Quintino","spotify:album:0Ntw26ASZDaNWzSY9KcFTt","Melody","spotify:artist:1V3VTM7VspiQjcmRhC010n","Quintino","2022-03-11","https://i.scdn.co/image/ab67616d0000b273f45c47ae5c2b6cee0c571a72","1","1","153230","https://p.scdn.co/mp3-preview/bdae83fb65b462dd5a3b043005f850fddb1509cb?cid=9950ac751e34487dbbe027c4fd7f8e99","false","50","spotify:user:","2022-07-15T04:01:00Z","dutch edm,dutch house,edm,electro house,pop dance,progressive electro house,slap house","0.558","0.955","8","-5.723","1","0.0379","0.00207","0.879","0.0748","0.153","130.011","4","","SupersoniQ Records","C 2022 SupersoniQ Records, P 2022 SupersoniQ Records"
"spotify:track:1f3CqEw0F1134cqpfP8l4c","No Illusions","spotify:artist:3PlRvQnVE3XAbtHUNc4nic","GATTÜSO","spotify:album:3KNiB2o9uMUsOGCnn8zzUI","No Illusions","spotify:artist:3PlRvQnVE3XAbtHUNc4nic","GATTÜSO","2022-04-15","https://i.scdn.co/image/ab67616d0000b273d22d931a9081e91b068e7da5","1","1","179980","https://p.scdn.co/mp3-preview/6f3bbd1d651bf79df2cca8ee9152ec73c7553278?cid=9950ac751e34487dbbe027c4fd7f8e99","false","45","spotify:user:","2022-07-15T04:01:00Z","edm,electro house,pop dance,pop edm,tropical house","0.542","0.904","11","-6.081","1","0.0461","0.00535","0.00342","0.0772","0.0386","127.998","4","","Ultra Records, LLC","P (P) 2022 Ultra Records, LLC"
"spotify:track:2bJgUPmlG2o6A0qfZJgkdh","Tongue","spotify:artist:06vEAqcicwoSBw85e8biJx","Rêve","spotify:album:0TNM4CTPP3WUA7oZcpe5cN","Tongue","spotify:artist:06vEAqcicwoSBw85e8biJx","Rêve","2022-06-29","https://i.scdn.co/image/ab67616d0000b2733223dce3500154c0e37a688e","1","1","133333","https://p.scdn.co/mp3-preview/78c1c0db4c5fc8618297eca5ed35e92a6897a557?cid=9950ac751e34487dbbe027c4fd7f8e99","false","59","spotify:user:","2022-07-15T04:01:00Z","","0.821","0.816","6","-4.844","1","0.133","0.0517","0.000009","0.1","0.645","122.03","4","","31 East Inc.","C © 2022 31 East Inc./Universal Music Canada Inc., P ℗ 2022 31 East Inc./Universal Music Canada Inc."
"spotify:track:6SrwmS9G3gI3cGNUqv6QzV","Let You Down","spotify:artist:0SfsnGyD8FpIN4U4WCkBZ5","Armin van Buuren","spotify:album:25UHk7kHvvkRPvXmpkGaTd","Feel Again, Pt. 1","spotify:artist:0SfsnGyD8FpIN4U4WCkBZ5","Armin van Buuren","2022-06-10","https://i.scdn.co/image/ab67616d0000b2731d71a09838ba94f93277ec69","1","6","210476","https://p.scdn.co/mp3-preview/8d490c515c951a78abaf22dffb53f954bf2c7880?cid=9950ac751e34487dbbe027c4fd7f8e99","false","60","spotify:user:","2022-07-15T04:01:00Z","dutch trance,edm,pop dance,progressive house,trance","0.572","0.956","10","-3.605","0","0.0418","0.0104","0.000188","0.205","0.0375","125.998","4","","Armada Music Albums","C 2022 Armada Music B.V., P 2022 Armada Music B.V. under exclusive license from Armin Audio B.V."
"spotify:track:69wzXH2xyoQCaMydQ45rUt","With My Friends","spotify:artist:49CE2ffZ6Z3zeYSDauSKck, spotify:artist:0XqFDQJjqW5PfhfBCb53LR, spotify:artist:1hII0FUxBvpT7bnuS7TQ6q","Tungevaag, Sick Individuals, Philip Strand","spotify:album:1ogQ6f8hVuVHcNOYCX2zw4","With My Friends","spotify:artist:49CE2ffZ6Z3zeYSDauSKck, spotify:artist:0XqFDQJjqW5PfhfBCb53LR, spotify:artist:1hII0FUxBvpT7bnuS7TQ6q","Tungevaag, Sick Individuals, Philip Strand","2022-05-27","https://i.scdn.co/image/ab67616d0000b273cabdee7368ab9464c927d139","1","1","146706","https://p.scdn.co/mp3-preview/59a8265241e24e0d93dbfe83dd1d789752c49128?cid=9950ac751e34487dbbe027c4fd7f8e99","false","61","spotify:user:","2022-07-15T04:01:00Z","big room,dance pop,edm,electro house,nordic house,pop dance,tropical house,big room,dutch house,edm,electro house,pop dance,pop edm,progressive electro house,progressive house,tropical house,deep pop edm","0.631","0.942","4","-2.98","1","0.0373","0.0155","0.00000231","0.0931","0.451","124.944","4","","Spinnin' Records","C © 2022 Spinnin' Records, P ℗ 2022 Spinnin' Records"
"spotify:track:7brRnnzMQtAPybNOwbmRms","My Feelings For You - Don Diablo Remix","spotify:artist:1vCWHaC5f2uS3yhpwWbIA6, spotify:artist:0lHsjYcb3lGjkJQQqC6HVt, spotify:artist:1l2ekx5skC4gJH8djERwh1","Avicii, Sebastien Drums, Don Diablo","spotify:album:32jpJfXBTiNcdVHSLib498","My Feelings For You (Don Diablo Remix)","spotify:artist:1vCWHaC5f2uS3yhpwWbIA6, spotify:artist:0lHsjYcb3lGjkJQQqC6HVt, spotify:artist:1l2ekx5skC4gJH8djERwh1","Avicii, Sebastien Drums, Don Diablo","2022-06-03","https://i.scdn.co/image/ab67616d0000b273208a803030ea4449adbbc45c","1","1","205714","https://p.scdn.co/mp3-preview/e9fde2c7bec342e1a22a16267dcb32e01a2b66ab?cid=9950ac751e34487dbbe027c4fd7f8e99","false","67","spotify:user:","2022-07-15T04:01:00Z","dance pop,edm,pop,pop dance,pop rap,progressive electro house,dance pop,edm,electro house,future house,house,pop dance,progressive electro house,progressive house,tropical house","0.746","0.896","6","-4.015","0","0.227","0.246","0.00000978","0.124","0.133","125.939","4","","Vicious","C 2022 Vicious, a division of Vicious Recordings Pty Ltd, P 2022 Vicious, a division of Vicious Recordings Pty Ltd"
"spotify:track:2FEUloDXMvRnyfLcsrCfkw","La Danza","spotify:artist:7kNqXtgeIwFtelmRjWv205","John Summit","spotify:album:6veWaUKjv5fGyTMQoYKkgR","La Danza","spotify:artist:7kNqXtgeIwFtelmRjWv205","John Summit","2022-03-11","https://i.scdn.co/image/ab67616d0000b2734161ecbf91e0ea35ed7d18f1","1","1","157619","https://p.scdn.co/mp3-preview/bb786457b56066d68e7f85687023126bd2debf79?cid=9950ac751e34487dbbe027c4fd7f8e99","false","71","spotify:user:","2022-07-15T04:01:00Z","edm,electro house,house,pop dance","0.797","0.88","6","-5.722","0","0.0442","0.00298","0.574","0.183","0.357","125.996","4","","Defected Records","C © 2022 Defected Records Limited, P ℗ 2022 Defected Records Limited"
"spotify:track:1dt220OBbkTsYz1NLVKIaw","Call Me (with R3HAB & Timmy Trumpet)","spotify:artist:5ENS85nZShljwNgg4wFD7D, spotify:artist:6cEuCEZu7PAE9ZSzLLc2oQ, spotify:artist:0CbeG1224FS58EUx4tPevZ","Gabry Ponte, R3HAB, Timmy Trumpet","spotify:album:3FPgLHoo4FzTPtY8j2HNeQ","Call Me (with R3HAB & Timmy Trumpet)","spotify:artist:5ENS85nZShljwNgg4wFD7D, spotify:artist:6cEuCEZu7PAE9ZSzLLc2oQ, spotify:artist:0CbeG1224FS58EUx4tPevZ","Gabry Ponte, R3HAB, Timmy Trumpet","2022-01-14","https://i.scdn.co/image/ab67616d0000b273f239985f752a2fe6997da7fe","1","1","178309","https://p.scdn.co/mp3-preview/dc062ae54e84aee5c2265ebeb19f8bb919d6061c?cid=9950ac751e34487dbbe027c4fd7f8e99","false","72","spotify:user:","2022-07-15T04:01:00Z","edm,eurodance,italo dance,pop dance,slap house,dance pop,dutch house,edm,electro house,pop,pop dance,progressive electro house,slap house,tropical house,australian dance,big room,edm,electro house,melbourne bounce,melbourne bounce international,pop dance","0.398","0.956","2","-4.429","1","0.329","0.00935","0.0038","0.142","0.269","106.581","4","","Spinnin' Records","C Under exclusive license from GEKAI, © 2022 SpinninRecords.com, P Under exclusive license from GEKAI, ℗ 2022 SpinninRecords.com"
"spotify:track:4VVzgTike7FW8OiUIDN7hk","Easy","spotify:artist:5ChF3i92IPZHduM7jN3dpg, spotify:artist:7ui1kBUIbujvJnIXxDjoWz","Nicky Romero, NIIKO X SWAE","spotify:album:3Jkk3mOfUiIcaJboZ77lkp","Easy","spotify:artist:5ChF3i92IPZHduM7jN3dpg, spotify:artist:7ui1kBUIbujvJnIXxDjoWz","Nicky Romero, NIIKO X SWAE","2022-07-01","https://i.scdn.co/image/ab67616d0000b273afda9b00fadbcb80cc80249e","1","1","149516","https://p.scdn.co/mp3-preview/6b168301ededde7d10808ff735716f2cf2be8f5e?cid=9950ac751e34487dbbe027c4fd7f8e99","false","58","spotify:user:","2022-07-15T04:01:00Z","big room,dance pop,dutch edm,edm,electro house,house,pop dance,pop edm,progressive electro house,progressive house,tropical house","0.689","0.822","0","-6.678","0","0.043","0.00677","0.000134","0.121","0.673","123.984","4","","Protocol Recordings","C 2022 Protocol Recordings BV, P 2022 Protocol Recordings BV"
"spotify:track:2w1rG2MPE4vF77znvevuz5","Who Do You Love","spotify:artist:1rSGNXhhYuWoq9BEz5DZGO, spotify:artist:4c4aEmXU6Hx95REbIZ3S82","ARTY, Rozzi","spotify:album:1r4sDUkdHzyP6li28uad6c","Who Do You Love","spotify:artist:1rSGNXhhYuWoq9BEz5DZGO, spotify:artist:4c4aEmXU6Hx95REbIZ3S82","ARTY, Rozzi","2022-02-25","https://i.scdn.co/image/ab67616d0000b273639b70de8d15e36f68a480b0","1","1","208253","https://p.scdn.co/mp3-preview/63002c7214df546a98c9c8edcd40e87b6f1dea6b?cid=9950ac751e34487dbbe027c4fd7f8e99","false","63","spotify:user:","2022-07-15T04:01:00Z","big room,edm,electro house,pop dance,pop edm,progressive house,russian edm,trance,tropical house,pop soul","0.537","0.964","5","-2.677","0","0.0552","0.018","0.00138","0.16","0.509","125.992","4","","Armada Music","C 2022 Armada Music B.V., P 2022 Armada Music B.V."
"spotify:track:2pW7OYEY2hmOMWZPtnUxyH","Echoes","spotify:artist:0SfsnGyD8FpIN4U4WCkBZ5, spotify:artist:4h5iVy88coDjOop3wM2wTp, spotify:artist:0NST5cNxDtRZuToY6ngC0k","Armin van Buuren, Florentin, Jordan Grace","spotify:album:0IyPqEUN6H1H6Sym8jQfnv","Echoes","spotify:artist:0SfsnGyD8FpIN4U4WCkBZ5, spotify:artist:4h5iVy88coDjOop3wM2wTp, spotify:artist:0NST5cNxDtRZuToY6ngC0k","Armin van Buuren, Florentin, Jordan Grace","2022-04-28","https://i.scdn.co/image/ab67616d0000b273db442cc06b35491b9bf5a663","1","1","207360","https://p.scdn.co/mp3-preview/84526cf07c1ac38c1fe7654df01bb7ce815091ad?cid=9950ac751e34487dbbe027c4fd7f8e99","false","51","spotify:user:","2022-07-15T04:01:00Z","dutch trance,edm,pop dance,progressive house,trance","0.597","0.828","2","-5.02","1","0.0681","0.0309","0","0.126","0.396","125.053","4","","Armind","C 2022 Armada Music B.V., P 2022 Armada Music B.V. under exclusive license from Armin Audio B.V."
"spotify:track:2iDejv4THvGsopBwdmWbXd","Good Luck - D.O.D Remix","spotify:artist:1MIVXf74SZHmTIp4V4paH4, spotify:artist:4Q6nIcaBED8qUel8bBx6Cr, spotify:artist:4sTQVOfp9vEMCemLw50sbu, spotify:artist:0Cs47vvRsPgEfliBU9KDiB","Mabel, Jax Jones, Galantis, D.O.D","spotify:album:0SwhUVYIId1xWWjk02CY4g","Good Luck (D.O.D Remix)","spotify:artist:1MIVXf74SZHmTIp4V4paH4, spotify:artist:4Q6nIcaBED8qUel8bBx6Cr, spotify:artist:4sTQVOfp9vEMCemLw50sbu","Mabel, Jax Jones, Galantis","2022-05-06","https://i.scdn.co/image/ab67616d0000b2739d09a5b5055231673d2fde74","1","1","172413","https://p.scdn.co/mp3-preview/de4f8f12ed0c1abaa6ec6699f176f89975b66e7e?cid=9950ac751e34487dbbe027c4fd7f8e99","false","54","spotify:user:","2022-07-15T04:01:00Z","dance pop,edm,pop,pop dance,post-teen pop,tropical house,uk pop,dance pop,edm,house,pop,pop dance,pop rap,tropical house,uk dance,uk pop,dance pop,edm,electro house,pop,pop dance,tropical house,deep groove house,edm,electro house,house,pop dance,tropical house,uk dance","0.59","0.977","7","-3.652","0","0.0552","0.00766","0.863","0.187","0.518","124.036","4","","Polydor Records","C © 2022 Mabel McVey, under exclusive licence to Universal Music Operations Limited, P A Polydor Records Release; ℗ 2022 Mabel McVey, under exclusive licence to Universal Music Operations Limited"
"spotify:track:58680i3qsAwKYecyD2zwgq","Nothing Hurts (Afrojack Remix)","spotify:artist:5T0j6On1EthT2QVNXh8vqc, spotify:artist:4D75GcNG95ebPtNvoNVXhz","Minelli, Afrojack","spotify:album:4z7l1cSAwCcaDoaxXwNZ9x","Nothing Hurts (Afrojack Remix)","spotify:artist:5T0j6On1EthT2QVNXh8vqc, spotify:artist:4D75GcNG95ebPtNvoNVXhz","Minelli, Afrojack","2022-04-22","https://i.scdn.co/image/ab67616d0000b27326f31fa3217556dce118f288","1","1","186856","https://p.scdn.co/mp3-preview/0776339959666f651ef8d80ba718779db6fc73f1?cid=9950ac751e34487dbbe027c4fd7f8e99","false","49","spotify:user:","2022-07-15T04:01:00Z","romanian pop,big room,dance pop,dutch house,edm,electro house,pop dance,pop rap,tropical house","0.845","0.793","9","-5.626","0","0.184","0.0318","0","0.179","0.764","124.964","4","","WM Poland/WMI","C © 2022 Warner Music Poland, P ℗ 2022 Warner Music Poland"
"spotify:track:5nz5inh9IXoP7wwi2hi8kO","Temptation (feat. Elise LeGrow)","spotify:artist:3MyFDtqB80WZvbtCZRsekM, spotify:artist:20biSVcaiwFyvcseOzYKo8","Bakermat, Elise LeGrow","spotify:album:2SerB9WFHD9HekA6tX95cb","Temptation (feat. Elise LeGrow)","spotify:artist:3MyFDtqB80WZvbtCZRsekM, spotify:artist:20biSVcaiwFyvcseOzYKo8","Bakermat, Elise LeGrow","2022-03-25","https://i.scdn.co/image/ab67616d0000b2738704fee74cc5b1ac55792f4f","1","1","192614","https://p.scdn.co/mp3-preview/90c52b54e137003e041e594b1df3d7ebd8582144?cid=9950ac751e34487dbbe027c4fd7f8e99","false","63","spotify:user:","2022-07-15T04:01:00Z","deep euro house,minimal tech house,pop dance,tropical house","0.834","0.63","1","-5.727","1","0.0422","0.00838","0.00254","0.0963","0.416","120.004","4","","Big Top Amsterdam","C © 2022 Big Top Amsterdam, P ℗ 2022 Big Top Records"
"spotify:track:4ASOMWcJUrwEpjJy4GEijz","California Dreamin' (feat. High Jinx)","spotify:artist:7tm9Tuc70geXOOyKhtZHIj, spotify:artist:0XFmkmsCbCoR7wlqaZdt64","Chris Lorenzo, High Jinx","spotify:album:4QNJtrJyZlV4CMzvQqPcjW","California Dreamin' (feat. High Jinx)","spotify:artist:7tm9Tuc70geXOOyKhtZHIj","Chris Lorenzo","2021-10-08","https://i.scdn.co/image/ab67616d0000b27327b52d52b3673bd8ce243184","1","1","196899","https://p.scdn.co/mp3-preview/14b357f87859b36317381ee63b4817e5efd71a05?cid=9950ac751e34487dbbe027c4fd7f8e99","false","76","spotify:user:","2022-07-15T04:01:00Z","bass house,deep groove house,electro house,house","0.685","0.911","9","-4.977","1","0.144","0.00552","0.0247","0.285","0.351","128.02","4","","Astralwerks","C © 2021 Chris Lorenzo Limited, under exclusive license to UMG Recordings, Inc., P Black Book Records / Astralwerks; ℗ 2021 Chris Lorenzo Limited, under exclusive license to UMG Recordings, Inc."
"spotify:track:6VBLbFCArFuTTEXFlQFZZs","Alien","spotify:artist:4sTQVOfp9vEMCemLw50sbu, spotify:artist:5wwneIFdawNgQ7GvKK29Z3, spotify:artist:6mzs66iVW15C5iLt0JLt41","Galantis, Lucas & Steve, ILIRA","spotify:album:7hLrEkGfc02E0ckMf3MEGh","Alien","spotify:artist:4sTQVOfp9vEMCemLw50sbu, spotify:artist:5wwneIFdawNgQ7GvKK29Z3, spotify:artist:6mzs66iVW15C5iLt0JLt41","Galantis, Lucas & Steve, ILIRA","2021-12-10","https://i.scdn.co/image/ab67616d0000b2730952e1d17c71e6a383ac9068","1","1","165858","https://p.scdn.co/mp3-preview/75cd6ddfee6d695d9b293adba8999d00c8adb024?cid=9950ac751e34487dbbe027c4fd7f8e99","false","67","spotify:user:","2022-07-15T04:01:00Z","dance pop,edm,electro house,pop,pop dance,tropical house,dance pop,edm,electro house,pop dance,pop edm,tropical house,albanian pop,uk pop","0.676","0.731","8","-5.325","0","0.0948","0.0162","0","0.126","0.753","123.993","4","","Spinnin' Records","C © 2021 SpinninRecords.com, P ℗ 2021 SpinninRecords.com"
"spotify:track:0LsR4TZXku2sMoFTwAivOw","Call My Name","spotify:artist:5WdqBAQhGFCrZvBKXiPIu7, spotify:artist:6WamMeXO2jN9tUYxSBUclQ","The Him, Paradigm","spotify:album:5Cl4bEvaikvxdPzQJSZrwG","Call My Name","spotify:artist:5WdqBAQhGFCrZvBKXiPIu7, spotify:artist:6WamMeXO2jN9tUYxSBUclQ","The Him, Paradigm","2022-04-15","https://i.scdn.co/image/ab67616d0000b2737d60f498ff2ff538533a9a7e","1","1","191250","https://p.scdn.co/mp3-preview/a6f5c7e6333c6e4a8417e505b02aa7799aa16d8e?cid=9950ac751e34487dbbe027c4fd7f8e99","false","48","spotify:user:","2022-07-15T04:01:00Z","big room,deep house,deep tropical house,edm,electro house,house,pop dance,pop edm,tropical house,covertronica,slap house","0.662","0.807","11","-3.691","1","0.0383","0.0373","0","0.111","0.477","128.064","4","","Daily Deep","C 2022 Daily Deep, under exclusive license to ATLAST - atlast.fm, P 2022 Daily Deep, under exclusive license to ATLAST - atlast.fm"
"spotify:track:20b1ZBMGOZjuGvNFncIIP7","Time to Groove (feat. Nonô)","spotify:artist:6QMABvTzixnxzsLYyhqRxI, spotify:artist:2izgj6WOKJsuCRCQUKOoVO","Majestic, Nonô","spotify:album:1ku0mbCfEbi3polUL4hYAk","Time to Groove (feat. Nonô)","spotify:artist:6QMABvTzixnxzsLYyhqRxI, spotify:artist:2izgj6WOKJsuCRCQUKOoVO","Majestic, Nonô","2022-04-22","https://i.scdn.co/image/ab67616d0000b27346d9c56e2f422f4f5dac63d1","1","1","146848","https://p.scdn.co/mp3-preview/b7d358cc34b67fda412f92fa0e533e0ebfdc5e50?cid=9950ac751e34487dbbe027c4fd7f8e99","false","66","spotify:user:","2022-07-15T04:01:00Z","house,pop dance,uk dance","0.624","0.94","11","-3.671","0","0.163","0.000983","0.00409","0.313","0.882","128.014","4","","Ministry of Sound Recordings","P (P) 2022 Under Exclusive Licence to Ministry of Sound Recordings Limited"
"spotify:track:2SDG2dYcoW5ksPGsiFGt7V","Drag Me Out","spotify:artist:59iOp415oyqGlBHyAhu4z3","Kah-Lo","spotify:album:2ulgg6hyu3NPgjpURpNYfs","Drag Me Out","spotify:artist:59iOp415oyqGlBHyAhu4z3","Kah-Lo","2022-03-11","https://i.scdn.co/image/ab67616d0000b273e29d0902f9c22c542d8a534b","1","1","139615","https://p.scdn.co/mp3-preview/cf1edc7fc2711307d8ceb5e161ea527ea2d7415f?cid=9950ac751e34487dbbe027c4fd7f8e99","true","61","spotify:user:","2022-07-15T04:01:00Z","nigerian pop","0.879","0.769","9","-3.59","1","0.0859","0.0285","0.00171","0.116","0.751","120.023","4","","Epic","P (P) 2022 Epic Records, a division of Sony Music Entertainment"
"spotify:track:4WIaDYUIlXsHi4yMF596aI","About Damn Time - Purple Disco Machine Remix","spotify:artist:56oDRnqbIiwx4mymNEv7dS, spotify:artist:2WBJQGf1bT1kxuoqziH5g4","Lizzo, Purple Disco Machine","spotify:album:5sJDNPqLeEUPnod5ovf5h6","About Damn Time (Purple Disco Machine Remix)","spotify:artist:56oDRnqbIiwx4mymNEv7dS, spotify:artist:2WBJQGf1bT1kxuoqziH5g4","Lizzo, Purple Disco Machine","2022-05-18","https://i.scdn.co/image/ab67616d0000b273f53eae8ef743526f0fe2f36a","1","1","218476","https://p.scdn.co/mp3-preview/47d87e222f78c26efab29b806ddf8943b18181e6?cid=9950ac751e34487dbbe027c4fd7f8e99","true","70","spotify:user:","2022-07-15T04:01:00Z","dance pop,escape room,minnesota hip hop,pop,trap queen,deep house,house,tropical house","0.8","0.771","10","-6.638","0","0.123","0.0531","0","0.229","0.886","118.991","4","","Nice Life/Atlantic","C © 2022 Nice Life Recording Company and Atlantic Recording Corporation, P ℗ 2022 Nice Life Recording Company and Atlantic Recording Corporation"
"spotify:track:4IOK3PjSHrQm6dgYZdHZkE","Human Touch","spotify:artist:0SfsnGyD8FpIN4U4WCkBZ5, spotify:artist:4sW5R5XKTge9Vwv44p9p18","Armin van Buuren, Sam Gray","spotify:album:2SY4apBowOVRSG3WtrALWm","Human Touch","spotify:artist:0SfsnGyD8FpIN4U4WCkBZ5, spotify:artist:4sW5R5XKTge9Vwv44p9p18","Armin van Buuren, Sam Gray","2022-01-28","https://i.scdn.co/image/ab67616d0000b2739c64b8f2dee7871cff465e83","1","1","145748","https://p.scdn.co/mp3-preview/a4d0d04c2270a3f1f853fa7a5bd70e3cee6e01b6?cid=9950ac751e34487dbbe027c4fd7f8e99","false","56","spotify:user:","2022-07-15T04:01:00Z","dutch trance,edm,pop dance,progressive house,trance,uk dance","0.633","0.834","2","-5.316","1","0.0383","0.0029","0.0000437","0.19","0.599","126.981","4","","Armada Music","C 2022 Armada Music B.V., P 2022 Armada Music B.V. under exclusive license from Armin Audio B.V."
"spotify:track:6FUHEGAHbt4DbUFp5dNwod","Reckless (with MØ)","spotify:artist:2ZRQcIgzPCVaT9XKhXZIzh, spotify:artist:0bdfiayQAKewqEvaU6rXCv","Gryffin, MØ","spotify:album:2Oy8FCMc08WhIBKRU9r79v","Reckless","spotify:artist:2ZRQcIgzPCVaT9XKhXZIzh, spotify:artist:0bdfiayQAKewqEvaU6rXCv","Gryffin, MØ","2022-06-29","https://i.scdn.co/image/ab67616d0000b27352424d123613fbcc89e5772f","1","1","156249","https://p.scdn.co/mp3-preview/1a093ac3c193467570874f53f6090c92feb763cd?cid=9950ac751e34487dbbe027c4fd7f8e99","false","68","spotify:user:","2022-07-15T04:01:00Z","dance pop,edm,pop,pop dance,tropical house,dance pop,danish pop,electropop,pop,tropical house,uk pop","0.689","0.765","7","-4.086","1","0.04","0.00714","0.0000874","0.206","0.681","130.009","4","","Darkroom/Interscope Records","C © 2022 Darkroom/Interscope Records, P ℗ 2022 Darkroom/Interscope Records"
"spotify:track:3Z7CaxQkqbIs1rewKi6v4W","Hot In It","spotify:artist:2o5jDhtHVPhrJdv3cEQ99Z, spotify:artist:25uiPmTg16RbhZWAqwLBy5","Tiësto, Charli XCX","spotify:album:6R7Yy0sY9N8PNUhseegr2Q","Hot In It","spotify:artist:2o5jDhtHVPhrJdv3cEQ99Z, spotify:artist:25uiPmTg16RbhZWAqwLBy5","Tiësto, Charli XCX","2022-06-30","https://i.scdn.co/image/ab67616d0000b2731e8798f25a1997f0679b2382","1","1","129817","https://p.scdn.co/mp3-preview/a0fe8100d40b910d568d2ae2c281925716d25b3d?cid=9950ac751e34487dbbe027c4fd7f8e99","false","82","spotify:user:","2022-07-15T04:01:00Z","big room,brostep,dance pop,dutch edm,edm,house,pop,pop dance,slap house,trance,tropical house,art pop,candy pop,dance pop,electropop,metropopolis,pop,uk pop","0.748","0.841","7","-5.08","1","0.177","0.00445","0.00000133","0.0413","0.717","123.045","4","","Atlantic Records","C © 2022 Musical Freedom, LLC under exclusive license to Atlantic Recording Corporation for the world., P ℗ 2022 Musical Freedom, LLC under exclusive license to Atlantic Recording Corporation for the world."
"spotify:track:3kyskiCpYM2ALQUSEShFMY","Sinner","spotify:artist:3oKnyRhYWzNsTiss5n4Z1J, spotify:artist:71t5uC7AYxisT7Z55Y2Kqd","LP Giobbi, Bklava","spotify:album:0r0BHXYjOcX5vviQJbdpaT","Sinner","spotify:artist:3oKnyRhYWzNsTiss5n4Z1J, spotify:artist:71t5uC7AYxisT7Z55Y2Kqd","LP Giobbi, Bklava","2022-03-11","https://i.scdn.co/image/ab67616d0000b273dc8f2bb68ec40dce2928e4d7","1","1","238357","https://p.scdn.co/mp3-preview/f8491c821d627ca2fc90d6bedd8845ce1bb26ef0?cid=9950ac751e34487dbbe027c4fd7f8e99","false","60","spotify:user:","2022-07-15T04:01:00Z","edm,electro house,house,pop dance,tropical house,ukg revival","0.721","0.78","8","-6.935","1","0.0403","0.0455","0.083","0.138","0.725","126.974","4","","D4 D4NCE","C © 2022 D4 D4NCE, P ℗ 2022 D4 D4NCE"
"spotify:track:6Ww581O9pklqs42MN4Da6q","Need U - Spotify Singles","spotify:artist:39B7ChWwrWDs7zXlsu3MoP, spotify:artist:3rJPS8fYBokXpYw1mS9wr0","Sonny Fodera, Raphaella","spotify:album:2JbOWYXBHbLThB1ug7cuxF","Need U - Spotify Singles","spotify:artist:39B7ChWwrWDs7zXlsu3MoP, spotify:artist:3rJPS8fYBokXpYw1mS9wr0","Sonny Fodera, Raphaella","2022-04-29","https://i.scdn.co/image/ab67616d0000b27337565bb64d84d66b8924a88f","1","1","154017","https://p.scdn.co/mp3-preview/b8fce93354a3d91fc4ac08fc235fc87abeecafc6?cid=9950ac751e34487dbbe027c4fd7f8e99","false","57","spotify:user:","2022-07-15T04:01:00Z","dance pop,deep groove house,house,pop dance,tropical house,uk dance,uk alternative pop","0.745","0.772","11","-5.161","0","0.0497","0.0642","0.00000169","0.23","0.788","121.98","4","","Solotoko","C © 2022 Solotoko, P ℗ 2022 Solotoko"
"spotify:track:4EHMB2LvLEnbpdQKBNbGBq","Whole Again","spotify:artist:77AiFEVeAVj2ORpC85QVJs, spotify:artist:6WGE3kO8ULME2ErBcOksSR, spotify:artist:2auikkNYqigWStoHWK1Grq","Steve Aoki, KAAZE, John Martin","spotify:album:2cCt0xjFeQjUYW2RaFOHml","Whole Again","spotify:artist:77AiFEVeAVj2ORpC85QVJs, spotify:artist:6WGE3kO8ULME2ErBcOksSR","Steve Aoki, KAAZE","2022-07-01","https://i.scdn.co/image/ab67616d0000b273559f0a9f2b252e893b20c04d","1","1","210240","","false","61","spotify:user:","2022-07-15T04:01:00Z","dance pop,edm,electro house,pop dance,pop rap,tropical house,big room,edm,electro house,pop dance,progressive electro house,sky room,pop edm","0.51","0.849","10","-5.41","0","0.0697","0.0623","0","0.104","0.318","124.954","4","","Dim Mak Records/DJ Kid Millionaire Ltd.","C © 2022 DJ Kid Millionaire Ltd, P ℗ 2022 DJ Kid Millionaire Ltd"
"spotify:track:3LL8dZ33Gd7u7DFrkqPfo3","Killing Me Softly","spotify:artist:5ENS85nZShljwNgg4wFD7D, spotify:artist:1pmwwNA38kkkJwEMWe8hLD","Gabry Ponte, DJs From Mars","spotify:album:3HS2cRx6K0TpmTDkBPiykk","Killing Me Softly","spotify:artist:5ENS85nZShljwNgg4wFD7D, spotify:artist:1pmwwNA38kkkJwEMWe8hLD","Gabry Ponte, DJs From Mars","2022-04-22","https://i.scdn.co/image/ab67616d0000b273ba5b7384ae186313c0b92223","1","1","159406","https://p.scdn.co/mp3-preview/507e2bdfc1d64faffaffccafcfa2e127fef45319?cid=9950ac751e34487dbbe027c4fd7f8e99","false","64","spotify:user:","2022-07-15T04:01:00Z","edm,eurodance,italo dance,pop dance,slap house,mashup","0.689","0.971","2","-5.836","1","0.0732","0.00709","0.355","0.101","0.0603","126.005","4","","Spinnin' Records","C © 2022 Spinnin' Records, P ℗ 2022 Spinnin' Records"
"spotify:track:76A1RRDEyHKtmV3Vh6PeVN","Savage","spotify:artist:2o5jDhtHVPhrJdv3cEQ99Z, spotify:artist:6VD4UEUPvtsemqD3mmTqCR","Tiësto, Deorro","spotify:album:6xBP3A3LFhaVl1Hb7XBCsM","Savage","spotify:artist:2o5jDhtHVPhrJdv3cEQ99Z, spotify:artist:6VD4UEUPvtsemqD3mmTqCR","Tiësto, Deorro","2022-04-29","https://i.scdn.co/image/ab67616d0000b2733c5a1ef66947ba7bbc7f8f87","1","1","167500","https://p.scdn.co/mp3-preview/11445d5dd9c0218197412552c69d04edd0035adb?cid=9950ac751e34487dbbe027c4fd7f8e99","false","74","spotify:user:","2022-07-15T04:01:00Z","big room,brostep,dance pop,dutch edm,edm,house,pop,pop dance,slap house,trance,tropical house,dance pop,edm,electro house,melbourne bounce,melbourne bounce international,pop dance,progressive electro house","0.694","0.7","0","-5.53","0","0.0488","0.191","0","0.0719","0.261","127.965","4","","Musical Freedom","C © 2022 Musical Freedom Label Ltd., P ℗ 2022 Musical Freedom Label Ltd."
"spotify:track:6uMw8SDp0npgOKO0pbmmPZ","All Night & Every Day","spotify:artist:7u4ayw4QFEsolPxZgnPAMT, spotify:artist:06vEAqcicwoSBw85e8biJx","Jonasu, Rêve","spotify:album:6ASUfky1E9CzfEAC8WDSSg","All Night & Every Day","spotify:artist:7u4ayw4QFEsolPxZgnPAMT, spotify:artist:06vEAqcicwoSBw85e8biJx","Jonasu, Rêve","2022-04-29","https://i.scdn.co/image/ab67616d0000b27333e2c279f701b2220539e031","1","1","146065","https://p.scdn.co/mp3-preview/8df99f1ad8e25e452897e6596d3ebdece46e95f9?cid=9950ac751e34487dbbe027c4fd7f8e99","false","54","spotify:user:","2022-07-15T04:01:00Z","dutch edm,pop dance","0.754","0.72","10","-5.041","0","0.109","0.0522","0","0.219","0.811","121.967","4","","3Beat","C © 2022 3Beat Productions Limited, P ℗ 2022 3Beat Productions Limited"
"spotify:track:2BTitAuYboizDhbrzhC3Sb","We Come 1","spotify:artist:0CbeG1224FS58EUx4tPevZ, spotify:artist:3Bd1phrOZJuCev9U0bzdtA, spotify:artist:5AbJRK8P9lWfeuVOl6HrgO","Timmy Trumpet, Ben Nicky, Distorted Dreams","spotify:album:02b5lsNmnx7Di1UmAH4yh2","We Come 1","spotify:artist:0CbeG1224FS58EUx4tPevZ, spotify:artist:3Bd1phrOZJuCev9U0bzdtA","Timmy Trumpet, Ben Nicky","2022-07-08","https://i.scdn.co/image/ab67616d0000b27332b62d22787c9129699b6beb","1","1","139802","https://p.scdn.co/mp3-preview/c19b4926f8b2e7228332c69c6987e411d9cf7c6a?cid=9950ac751e34487dbbe027c4fd7f8e99","false","56","spotify:user:","2022-07-15T04:01:00Z","australian dance,big room,edm,electro house,melbourne bounce,melbourne bounce international,pop dance,hard trance","0.63","0.963","6","-4.228","0","0.0609","0.0333","0.176","0.184","0.589","129.966","4","","Xploded Music Limited","C © 2022 Xploded Music Limited, P ℗ 2022 Xploded Music Limited"
"spotify:track:7yyYtLNqpXY8zY3TQbc9AK","Won't Forget You (Felix Jaehn Remix Edit)","spotify:artist:2TcGJdSOiOvITBzhvfX8XB, spotify:artist:4bL2B6hmLlMWnUEZnorEtG","Shouse, Felix Jaehn","spotify:album:1nxh4FIw055vgnjMrbMryD","Won't Forget You (Remixes)","spotify:artist:2TcGJdSOiOvITBzhvfX8XB","Shouse","2022-06-10","https://i.scdn.co/image/ab67616d0000b273019c4422dc8ed0cb70bbc511","1","2","184888","https://p.scdn.co/mp3-preview/f34b9bd82ead63cdff4251f7ee69a4a4212c8296?cid=9950ac751e34487dbbe027c4fd7f8e99","false","59","spotify:user:","2022-07-15T04:01:00Z","aussietronica,pop dance,dance pop,edm,electro house,german dance,pop,pop dance,tropical house,uk pop","0.657","0.714","5","-6.067","1","0.131","0.0296","0.0177","0.259","0.225","128.026","4","","Hell Beach","C © 2022 Hell Beach, a division of ONELOVE Recordings, P ℗ 2022 Hell Beach, a division of ONELOVE Recordings"
"spotify:track:2T1aCo4H9ojFkUxDU758oZ","Pull Me Through","spotify:artist:0XqFDQJjqW5PfhfBCb53LR","Sick Individuals","spotify:album:4PwQiZ7eS8n5LcOuLDofYL","Pull Me Through","spotify:artist:0XqFDQJjqW5PfhfBCb53LR","Sick Individuals","2022-06-17","https://i.scdn.co/image/ab67616d0000b2738af0203a84422f41d1e67af9","1","1","182977","https://p.scdn.co/mp3-preview/68c29939acec7ca9fab05ce95e7556874322f107?cid=9950ac751e34487dbbe027c4fd7f8e99","false","49","spotify:user:","2022-07-15T04:01:00Z","big room,dutch house,edm,electro house,pop dance,pop edm,progressive electro house,progressive house,tropical house","0.591","0.861","7","-3.692","0","0.0529","0.012","0.00000363","0.162","0.363","127.996","4","","Revealed Recordings","C 2022 Revealed Music B.V., P 2022 Revealed Music B.V."
"spotify:track:0rwaGvuSd4rCKuCt9w82Nm","It Isn't Me (with KSHMR)","spotify:artist:18006kpQI473m1ICcpimQ9, spotify:artist:70paW48PtCtUjtndElrjrL, spotify:artist:2wX6xSig4Rig5kZU6ePlWe","22Bullets, TIA RAY, KSHMR","spotify:album:5at4UMpAW5bTh8d4jLeUmz","It Isn't Me (with KSHMR)","spotify:artist:18006kpQI473m1ICcpimQ9, spotify:artist:70paW48PtCtUjtndElrjrL, spotify:artist:2wX6xSig4Rig5kZU6ePlWe","22Bullets, TIA RAY, KSHMR","2022-04-15","https://i.scdn.co/image/ab67616d0000b2730247cb71813513478fc93494","1","1","216393","https://p.scdn.co/mp3-preview/f2221e6157cd2ef22c23f228fba01e9895ef1dfe?cid=9950ac751e34487dbbe027c4fd7f8e99","false","55","spotify:user:","2022-07-15T04:01:00Z","sky room,slap house,chinese jazz,mainland chinese pop,mandopop,big room,edm,electro house,indian edm,pop dance,slap house,tropical house","0.694","0.9","3","-3.327","0","0.0472","0.000812","0.000668","0.29","0.503","121.953","4","","Dharma","C Dharma, © 2022 Spinnin' Records, P Dharma, ℗ 2022 Spinnin' Records"
"spotify:track:6LJsVZlhPAvrALPYka3xXz","On Your Own (feat. Elderbrook)","spotify:artist:4csQIMQm6vI2A2SCVDuM2z, spotify:artist:1ChtRJ3f4rbv4vtz87i6CD, spotify:artist:2vf4pRsEY6LpL5tKmqWb64","Hayden James, Cassian, Elderbrook","spotify:album:7pVugOs4vuWCPSBI0OIFOD","On Your Own (feat. Elderbrook)","spotify:artist:4csQIMQm6vI2A2SCVDuM2z, spotify:artist:1ChtRJ3f4rbv4vtz87i6CD, spotify:artist:2vf4pRsEY6LpL5tKmqWb64","Hayden James, Cassian, Elderbrook","2022-03-02","https://i.scdn.co/image/ab67616d0000b273ff2a9bb3f63ea1effc87dccf","1","1","223991","https://p.scdn.co/mp3-preview/d739bc9abdd227169616fa65b24c2ec03149cd4d?cid=9950ac751e34487dbbe027c4fd7f8e99","false","57","spotify:user:","2022-07-15T04:01:00Z","aussietronica,edm,gauze pop,house,pop dance,tropical house,nu disco,house,tropical house","0.658","0.937","4","-5.773","0","0.0389","0.0102","0.329","0.169","0.342","124.988","4","","Future Classic","C 2022 Future Classic, P 2022 Future Classic"
"spotify:track:408UEGA6FV2nvQjr1nt1VT","Drive Away","spotify:artist:0Cd6nHYwecCNM1sVEXKlYr","Krewella","spotify:album:2xNgUtEGxaLSq5d9VGhhWy","The Body Never Lies","spotify:artist:0Cd6nHYwecCNM1sVEXKlYr","Krewella","2022-03-04","https://i.scdn.co/image/ab67616d0000b273abf51a74d3b2f9abc4515884","1","8","240000","https://p.scdn.co/mp3-preview/0a4d21f14af1e5901495c90792623a869a226d90?cid=9950ac751e34487dbbe027c4fd7f8e99","true","54","spotify:user:","2022-07-15T04:01:00Z","dance pop,edm,electra,electro house,electropop,melodic dubstep,pop dance","0.502","0.874","5","-3.742","0","0.203","0.0543","0.00000127","0.426","0.392","141.776","4","","Mixed Kids Records","C © 2022 Mixed Kids Records, P ℗ 2022 Mixed Kids Records"
"spotify:track:1mlk3vLtVptfxRcnx3avyH","Burn","spotify:artist:0CbeG1224FS58EUx4tPevZ, spotify:artist:3gk0OYeLFWYupGFRHqLSR7","Timmy Trumpet, Showtek","spotify:album:6RybNqYFHu5cxoOsGlo4yj","Burn","spotify:artist:0CbeG1224FS58EUx4tPevZ, spotify:artist:3gk0OYeLFWYupGFRHqLSR7","Timmy Trumpet, Showtek","2022-07-15","https://i.scdn.co/image/ab67616d0000b27345df08ae71933f936eb67df1","1","1","221904","https://p.scdn.co/mp3-preview/f6f8d813e62dfb0bbcb69cd3f06f65f7ae98cf36?cid=9950ac751e34487dbbe027c4fd7f8e99","false","56","spotify:user:","2022-07-15T04:01:00Z","australian dance,big room,edm,electro house,melbourne bounce,melbourne bounce international,pop dance,classic hardstyle,edm,electro house,euphoric hardstyle,pop dance,progressive electro house","0.443","0.852","1","-4.838","0","0.0677","0.0308","0.00586","0.0531","0.138","125.861","4","","SINPHONY","C Under exclusive license to Spinnin' Records, © 2022 SINPHONY Ltd., P Under exclusive license to Spinnin' Records, ℗ 2022 SINPHONY Ltd."
"spotify:track:3VIALHoZjuV0aFvENmn413","Ikaris","spotify:artist:5B96LwVo1fnVehzyyxCzYC","Leonard A","spotify:album:07QnnCloPz1zc9MwYUErox","Ikaris","spotify:artist:5B96LwVo1fnVehzyyxCzYC","Leonard A","2022-05-27","https://i.scdn.co/image/ab67616d0000b273018f7c32dd9cf194540940bb","1","1","225858","https://p.scdn.co/mp3-preview/03fcd8b6a55bd35f64944bcfbb651ccbd387a22d?cid=9950ac751e34487dbbe027c4fd7f8e99","false","30","spotify:user:","2022-07-15T04:01:00Z","progressive trance","0.548","0.866","11","-6.518","0","0.0467","0.00026","0.0567","0.528","0.154","127.976","4","","Enhanced Progressive","C 2022 Enhanced Progressive / Enhanced Music, P 2022 Enhanced Progressive / Enhanced Music"
"spotify:track:0pPpcDDIiVBeBS5jBecnSC","Teardrops (feat. Majid Jordan)","spotify:artist:1yqxFtPHKcGcv6SXZNdyT9, spotify:artist:4CA8PTrbq1l5IgyvBA2JSV, spotify:artist:4HzKw8XcD0piJmDrrPRCYk","MK, Paul Woolford, Majid Jordan","spotify:album:3Bq8vA5rwJGfe8KgT4Qdxy","Teardrops (feat. Majid Jordan)","spotify:artist:1yqxFtPHKcGcv6SXZNdyT9, spotify:artist:4CA8PTrbq1l5IgyvBA2JSV","MK, Paul Woolford","2022-04-29","https://i.scdn.co/image/ab67616d0000b2737bf57eb76bacd9852f24e73d","1","1","170982","https://p.scdn.co/mp3-preview/39d80d2b28a4777e53154c377f679b758023a619?cid=9950ac751e34487dbbe027c4fd7f8e99","false","63","spotify:user:","2022-07-15T04:01:00Z","dance pop,deep groove house,house,pop dance,tropical house,deep groove house,house,pop dance,tropical house,uk dance,uk house,canadian contemporary r&b,pop,r&b,trap soul","0.603","0.899","6","-4.784","0","0.0288","0.00113","0.00647","0.0782","0.705","125.001","4","","Columbia","P (P) 2022 Area10 / Big On Blue Entertainment Inc. under exclusive licence to Sony Music Entertainment UK Limited / Ultra Records LLC"
"spotify:track:3LR2EPyj36gxYgCYbC0au0","In My Zone","spotify:artist:49CE2ffZ6Z3zeYSDauSKck","Tungevaag","spotify:album:78t3QrtBcUZhthPk0ROf2r","In My Zone","spotify:artist:49CE2ffZ6Z3zeYSDauSKck","Tungevaag","2022-01-28","https://i.scdn.co/image/ab67616d0000b27346a00de795551fd912ace8cd","1","1","161035","https://p.scdn.co/mp3-preview/b4cf9b92d3227764995e165d905e196687e420e5?cid=9950ac751e34487dbbe027c4fd7f8e99","false","59","spotify:user:","2022-07-15T04:01:00Z","big room,dance pop,edm,electro house,nordic house,pop dance,tropical house","0.601","0.711","3","-4.353","0","0.0611","0.0808","0","0.113","0.512","127.948","4","","Spinnin' Records","C © 2022 SpinninRecords.com, P ℗ 2022 SpinninRecords.com"
"spotify:track:40SBS57su9xLiE1WqkXOVr","Afraid To Feel","spotify:artist:0HxX6imltnNXJyQhu4nsiO","LF SYSTEM","spotify:album:528LrHfHcB7PMAvyp8Obhp","Afraid To Feel","spotify:artist:0HxX6imltnNXJyQhu4nsiO","LF SYSTEM","2022-05-02","https://i.scdn.co/image/ab67616d0000b273ced808ef1567eaf901041438","1","1","177524","https://p.scdn.co/mp3-preview/127d8691ff65a9c521813cbfb973ac5302b7840f?cid=9950ac751e34487dbbe027c4fd7f8e99","false","84","spotify:user:","2022-07-15T04:01:00Z","","0.578","0.912","1","-3.929","1","0.114","0.0166","0.00362","0.273","0.68","127.87","4","","Warner Records","C © 2022 Warner Music UK Limited, P ℗ 2022 Warner Music UK Limited"
"spotify:track:6VcpaoEQRxc9wrAtYBqKwz","Payback (feat. Icona Pop)","spotify:artist:7DMveApC7UnC2NPfPvlHSU, spotify:artist:1VBflYyxBhnDc9uVib98rw","Cheat Codes, Icona Pop","spotify:album:7xerYbkUGD5BazNdP6OaZW","Payback (feat. Icona Pop)","spotify:artist:7DMveApC7UnC2NPfPvlHSU, spotify:artist:1VBflYyxBhnDc9uVib98rw","Cheat Codes, Icona Pop","2022-03-04","https://i.scdn.co/image/ab67616d0000b273dd22d7c43aa6aa2593829d48","1","1","203411","","false","59","spotify:user:","2022-07-15T04:01:00Z","dance pop,edm,electro house,electropop,pop,pop dance,tropical house,uk pop,candy pop,dance pop,edm,electropop,metropopolis,pop,pop dance,swedish electropop,swedish synthpop","0.672","0.8","7","-4.919","0","0.0372","0.113","0.000302","0.132","0.8","118.013","4","","Spinnin' Records","C Cheat Codes LLC under exclusive license to DashGo, © 2022 SpinninRecords.com, P Cheat Codes LLC under exclusive license to DashGo, ℗ 2022 SpinninRecords.com"
"spotify:track:5072hCBK3Z15qRnTEzd8fy","Titanium (feat. Sia) - David Guetta & MORTEN Future Rave Remix","spotify:artist:1Cs0zKBU1kc0i8ypK3B9ai, spotify:artist:19HFRWmRCl27kTk6LeqAO8, spotify:artist:5WUlDfRSoLAfcVSX1WnrxN","David Guetta, MORTEN, Sia","spotify:album:2Eke7bWyUPKdFx3UdQh4rI","Titanium (feat. Sia) [David Guetta & MORTEN Future Rave Remix]","spotify:artist:1Cs0zKBU1kc0i8ypK3B9ai, spotify:artist:19HFRWmRCl27kTk6LeqAO8","David Guetta, MORTEN","2021-08-20","https://i.scdn.co/image/ab67616d0000b2730158075a94563b7e08e42f11","1","1","211428","https://p.scdn.co/mp3-preview/1823c321c6695c68042647f1191e8aabcca80c16?cid=9950ac751e34487dbbe027c4fd7f8e99","false","69","spotify:user:","2022-07-15T04:01:00Z","big room,dance pop,edm,pop,pop dance,pop rap,danish electronic,scandipop,australian dance,australian pop,pop","0.448","0.911","10","-7.121","1","0.0491","0.00107","0.555","0.37","0.0305","126.021","4","","Rhino","C © 2021 What A Music Ltd, P ℗ 2021 What A Music Ltd"
"spotify:track:6GomT970rCOkKAyyrwJeZi","Move Your Body","spotify:artist:37czgDRfGMvgRiUKHvnnhj, spotify:artist:0aOIluXr131XqrXFwFCFGT","Öwnboss, Sevek","spotify:album:4l9wMVL4XAM5jPMXP5RAbL","Move Your Body","spotify:artist:37czgDRfGMvgRiUKHvnnhj, spotify:artist:0aOIluXr131XqrXFwFCFGT","Öwnboss, Sevek","2021-10-29","https://i.scdn.co/image/ab67616d0000b273dbe45fee4e36211b4bf8de71","1","1","157444","https://p.scdn.co/mp3-preview/a432eeb945ae176fe2478cb0515c9b9d98f035ad?cid=9950ac751e34487dbbe027c4fd7f8e99","false","84","spotify:user:","2022-07-15T04:01:00Z","brazilian edm","0.848","0.821","2","-5.408","0","0.0527","0.0169","0.000403","0.0962","0.249","125.051","4","","Musical Freedom","C © 2021 Musical Freedom Label Ltd., P ℗ 2021 Musical Freedom Label Ltd."
"spotify:track:3nEHrvNNtgLv9rneTAYVr4","Heaven Takes You Home (feat. Connie Constance)","spotify:artist:1h6Cn3P4NGzXbaXidqURXs, spotify:artist:4RB2kk5dmocmMiHFBlmOEt","Swedish House Mafia, Connie Constance","spotify:album:2Dbe9L757CSQbhnbW5PVSH","Paradise Again","spotify:artist:1h6Cn3P4NGzXbaXidqURXs","Swedish House Mafia","2022-04-15","https://i.scdn.co/image/ab67616d0000b273bd6f8ac82dc5fe1028c14f7d","1","2","214071","https://p.scdn.co/mp3-preview/c299c6b6f1bf917147e9068a26931419aec4d656?cid=9950ac751e34487dbbe027c4fd7f8e99","false","82","spotify:user:","2022-07-15T04:01:00Z","edm,pop,pop dance,progressive electro house,uk contemporary r&b","0.665","0.738","0","-5.931","0","0.0379","0.0124","0.00598","0.0923","0.0389","125.037","4","","Republic Records","C © 2022 SSA Recording, LLP, under exclusive license to Republic Records, a division of UMG Recordings, Inc., P ℗ 2022 SSA Recording, LLP, under exclusive license to Republic Records, a division of UMG Recordings, Inc."
